UtcTime,Computer,User,EventID,Image,CommandLine,ParentImage,DestinationIp,DestinationPort,Hashes
2026-02-09 00:00:00.000,hr-ws11,svc-export,1,outlook.exe,"outlook.exe",cmd.exe,,,SHA256=0016cfb03af97ed30016cfb03af97ed30016cfb03af97ed30016cfb03af97ed3
2026-02-09 00:08:10.312,sec-admin01,svc-export,1,powershell.exe,"powershell.exe",explorer.exe,,,SHA256=001113253ae52b80001113253ae52b80001113253ae52b80001113253ae52b80
2026-02-09 00:18:48.887,sec-admin01,mreyes,1,slack.exe,"slack.exe",systemd,,,SHA256=0007dc2d65e784180007dc2d65e784180007dc2d65e784180007dc2d65e78418
2026-02-09 00:26:12.287,finance-lt23,secops,1,powershell.exe,"powershell.exe",cmd.exe,,,SHA256=0015b0e1c09e918f0015b0e1c09e918f0015b0e1c09e918f0015b0e1c09e918f
2026-02-09 00:29:25.542,hr-ws11,npatel,1,slack.exe,"slack.exe",launchd,,,SHA256=000f9047d9edbf90000f9047d9edbf90000f9047d9edbf90000f9047d9edbf90
2026-02-09 00:35:43.726,jumphost-01,svc-backup,1,node,"node",explorer.exe,,,SHA256=000c4a6b7c406d46000c4a6b7c406d46000c4a6b7c406d46000c4a6b7c406d46
2026-02-09 00:43:16.258,hr-ws11,svc-export,1,outlook.exe,"outlook.exe",systemd,,,SHA256=001ccd7399289403001ccd7399289403001ccd7399289403001ccd7399289403
2026-02-09 00:53:03.244,db-analytics-01,secops,1,chrome.exe,"chrome.exe",cmd.exe,,,SHA256=000e73075a8521ae000e73075a8521ae000e73075a8521ae000e73075a8521ae
2026-02-09 00:57:29.555,db-analytics-01,mreyes,1,node,"node",systemd,,,SHA256=001aa73c15455f43001aa73c15455f43001aa73c15455f43001aa73c15455f43
2026-02-09 01:04:53.795,finance-lt23,svc-backup,1,git,"git",systemd,,,SHA256=00183181fdd8d3d000183181fdd8d3d000183181fdd8d3d000183181fdd8d3d0
2026-02-09 01:14:56.564,db-analytics-01,secops,1,outlook.exe,"outlook.exe",explorer.exe,,,SHA256=001d49f5df181ab0001d49f5df181ab0001d49f5df181ab0001d49f5df181ab0
2026-02-09 01:20:40.087,filesrv02,dcho,1,sshd,"sshd",launchd,,,SHA256=001ae5fbbb6327e9001ae5fbbb6327e9001ae5fbbb6327e9001ae5fbbb6327e9
2026-02-09 01:31:57.580,filesrv02,npatel,1,slack.exe,"slack.exe",explorer.exe,,,SHA256=0004b14ad802080a0004b14ad802080a0004b14ad802080a0004b14ad802080a
2026-02-09 01:36:17.696,jumphost-01,svc-build,1,outlook.exe,"outlook.exe",launchd,,,SHA256=000d2afd7f1258d1000d2afd7f1258d1000d2afd7f1258d1000d2afd7f1258d1
2026-02-09 01:40:32.864,hr-ws11,svc-export,1,powershell.exe,"powershell.exe",systemd,,,SHA256=001052c425c9167d001052c425c9167d001052c425c9167d001052c425c9167d
2026-02-09 01:49:59.764,db-analytics-01,svc-backup,1,python3,"python3",systemd,,,SHA256=00023de68fd4f5a700023de68fd4f5a700023de68fd4f5a700023de68fd4f5a7
2026-02-09 01:59:48.906,db-analytics-01,dcho,1,python3,"python3",systemd,,,SHA256=0004ffad8c53ebe80004ffad8c53ebe80004ffad8c53ebe80004ffad8c53ebe8
2026-02-09 02:09:55.321,sec-admin01,svc-build,1,powershell.exe,"powershell.exe",launchd,,,SHA256=00154e9ae99dd1c000154e9ae99dd1c000154e9ae99dd1c000154e9ae99dd1c0
2026-02-09 02:16:14.487,db-analytics-01,npatel,1,outlook.exe,"outlook.exe",launchd,,,SHA256=001c394be2d6be70001c394be2d6be70001c394be2d6be70001c394be2d6be70
2026-02-09 02:22:31.355,sec-admin01,npatel,1,outlook.exe,"outlook.exe",cmd.exe,,,SHA256=00217f08ee7ef2d000217f08ee7ef2d000217f08ee7ef2d000217f08ee7ef2d0
2026-02-09 02:31:33.993,hr-ws11,dcho,1,powershell.exe,"powershell.exe",cmd.exe,,,SHA256=000cb8c3223b6a44000cb8c3223b6a44000cb8c3223b6a44000cb8c3223b6a44
2026-02-09 02:40:58.929,filesrv02,dcho,1,slack.exe,"slack.exe",launchd,,,SHA256=001d66886a9e8958001d66886a9e8958001d66886a9e8958001d66886a9e8958
2026-02-09 02:47:48.586,db-analytics-01,mreyes,1,powershell.exe,"powershell.exe",launchd,,,SHA256=000344e8b9356fb0000344e8b9356fb0000344e8b9356fb0000344e8b9356fb0
2026-02-09 02:58:01.729,hr-ws11,svc-backup,1,git,"git",systemd,,,SHA256=00086d8f662b3f5100086d8f662b3f5100086d8f662b3f5100086d8f662b3f51
2026-02-09 03:06:08.916,jumphost-01,dcho,1,sshd,"sshd",explorer.exe,,,SHA256=0010e1ca4b6dc5680010e1ca4b6dc5680010e1ca4b6dc5680010e1ca4b6dc568
2026-02-09 03:15:53.566,hr-ws11,secops,1,slack.exe,"slack.exe",explorer.exe,,,SHA256=000b8b5319716919000b8b5319716919000b8b5319716919000b8b5319716919
2026-02-09 03:26:06.232,finance-lt23,svc-build,1,git,"git",cmd.exe,,,SHA256=0005d65ca389ab0c0005d65ca389ab0c0005d65ca389ab0c0005d65ca389ab0c
2026-02-09 03:31:09.488,sec-admin01,secops,1,node,"node",cmd.exe,,,SHA256=00148b2f9598e49d00148b2f9598e49d00148b2f9598e49d00148b2f9598e49d
2026-02-09 03:35:41.845,finance-lt23,dcho,1,chrome.exe,"chrome.exe",cmd.exe,,,SHA256=000f9325feb3e801000f9325feb3e801000f9325feb3e801000f9325feb3e801
2026-02-09 03:38:43.270,db-analytics-01,mreyes,1,git,"git",systemd,,,SHA256=0009bbbcfd50b2c60009bbbcfd50b2c60009bbbcfd50b2c60009bbbcfd50b2c6
2026-02-09 03:45:58.026,db-analytics-01,secops,1,sshd,"sshd",launchd,,,SHA256=001c705a086f2272001c705a086f2272001c705a086f2272001c705a086f2272
2026-02-09 03:49:02.182,jumphost-01,svc-build,1,outlook.exe,"outlook.exe",systemd,,,SHA256=001277d887919728001277d887919728001277d887919728001277d887919728
2026-02-09 03:56:26.555,finance-lt23,dcho,1,slack.exe,"slack.exe",cmd.exe,,,SHA256=0017651122453aa30017651122453aa30017651122453aa30017651122453aa3
2026-02-09 04:05:18.059,finance-lt23,svc-build,1,python3,"python3",explorer.exe,,,SHA256=000f46ccd34e49e8000f46ccd34e49e8000f46ccd34e49e8000f46ccd34e49e8
2026-02-09 04:11:54.256,jumphost-01,svc-export,1,slack.exe,"slack.exe",cmd.exe,,,SHA256=0009222b9441d6770009222b9441d6770009222b9441d6770009222b9441d677
2026-02-09 04:17:11.819,hr-ws11,svc-export,1,slack.exe,"slack.exe",explorer.exe,,,SHA256=0008367ffa2b07ec0008367ffa2b07ec0008367ffa2b07ec0008367ffa2b07ec
2026-02-09 04:27:57.972,finance-lt23,mreyes,1,git,"git",cmd.exe,,,SHA256=000a06dc7d9c8943000a06dc7d9c8943000a06dc7d9c8943000a06dc7d9c8943
2026-02-09 04:38:16.705,jumphost-01,svc-export,1,outlook.exe,"outlook.exe",explorer.exe,,,SHA256=000c4d8ff22e8d48000c4d8ff22e8d48000c4d8ff22e8d48000c4d8ff22e8d48
2026-02-09 04:46:44.580,db-analytics-01,svc-backup,1,python3,"python3",systemd,,,SHA256=001ccd8768a843d4001ccd8768a843d4001ccd8768a843d4001ccd8768a843d4
2026-02-09 04:54:03.647,hr-ws11,svc-backup,1,powershell.exe,"powershell.exe",launchd,,,SHA256=001abd36f69dc5e6001abd36f69dc5e6001abd36f69dc5e6001abd36f69dc5e6
2026-02-09 05:02:04.742,jumphost-01,npatel,1,node,"node",systemd,,,SHA256=0012b158010df8bd0012b158010df8bd0012b158010df8bd0012b158010df8bd
2026-02-09 05:09:20.274,filesrv02,mreyes,1,powershell.exe,"powershell.exe",systemd,,,SHA256=0005b9d21d5ec0760005b9d21d5ec0760005b9d21d5ec0760005b9d21d5ec076
2026-02-09 05:19:32.237,filesrv02,npatel,1,outlook.exe,"outlook.exe",cmd.exe,,,SHA256=000d438f568ba0e5000d438f568ba0e5000d438f568ba0e5000d438f568ba0e5
2026-02-09 05:25:13.215,jumphost-01,mreyes,1,outlook.exe,"outlook.exe",systemd,,,SHA256=001cec4f78b5af98001cec4f78b5af98001cec4f78b5af98001cec4f78b5af98
2026-02-09 05:36:33.836,finance-lt23,dcho,1,sshd,"sshd",cmd.exe,,,SHA256=00029a17b6510c4e00029a17b6510c4e00029a17b6510c4e00029a17b6510c4e
2026-02-09 05:43:51.467,db-analytics-01,svc-export,1,python3,"python3",launchd,,,SHA256=0021a9cb470705480021a9cb470705480021a9cb470705480021a9cb47070548
2026-02-09 05:51:57.794,db-analytics-01,svc-build,1,chrome.exe,"chrome.exe",systemd,,,SHA256=000609673b1c2b29000609673b1c2b29000609673b1c2b29000609673b1c2b29
2026-02-09 05:56:46.728,db-analytics-01,svc-backup,1,chrome.exe,"chrome.exe",cmd.exe,,,SHA256=0007ab1913a4f4870007ab1913a4f4870007ab1913a4f4870007ab1913a4f487
2026-02-09 06:01:02.188,db-analytics-01,npatel,1,slack.exe,"slack.exe",systemd,,,SHA256=0012e4a03590bb1a0012e4a03590bb1a0012e4a03590bb1a0012e4a03590bb1a
2026-02-09 06:09:14.724,finance-lt23,npatel,1,node,"node",launchd,,,SHA256=001634f98233e551001634f98233e551001634f98233e551001634f98233e551
2026-02-09 06:13:27.421,finance-lt23,svc-build,1,sshd,"sshd",launchd,,,SHA256=001101dd46c584c7001101dd46c584c7001101dd46c584c7001101dd46c584c7
2026-02-09 06:19:59.666,filesrv02,mreyes,1,outlook.exe,"outlook.exe",systemd,,,SHA256=001b6baea670a6bc001b6baea670a6bc001b6baea670a6bc001b6baea670a6bc
2026-02-09 06:27:10.361,sec-admin01,mreyes,1,sshd,"sshd",explorer.exe,,,SHA256=0021ff97742c95a60021ff97742c95a60021ff97742c95a60021ff97742c95a6
2026-02-09 06:35:12.124,jumphost-01,svc-export,1,powershell.exe,"powershell.exe",systemd,,,SHA256=000f725bb1666b6e000f725bb1666b6e000f725bb1666b6e000f725bb1666b6e
2026-02-09 06:44:20.701,jumphost-01,svc-export,1,git,"git",cmd.exe,,,SHA256=000f6b4b2a232206000f6b4b2a232206000f6b4b2a232206000f6b4b2a232206
2026-02-09 06:53:28.702,db-analytics-01,svc-export,1,python3,"python3",cmd.exe,,,SHA256=001cfa0b60f2dc45001cfa0b60f2dc45001cfa0b60f2dc45001cfa0b60f2dc45
2026-02-09 06:57:33.244,sec-admin01,dcho,1,python3,"python3",systemd,,,SHA256=000f71f8387dfb5c000f71f8387dfb5c000f71f8387dfb5c000f71f8387dfb5c
2026-02-09 07:04:10.056,hr-ws11,dcho,1,chrome.exe,"chrome.exe",systemd,,,SHA256=0022ae29c6b5cd400022ae29c6b5cd400022ae29c6b5cd400022ae29c6b5cd40
2026-02-09 07:09:12.965,hr-ws11,mreyes,1,sshd,"sshd",launchd,,,SHA256=001faabdb933c6d2001faabdb933c6d2001faabdb933c6d2001faabdb933c6d2
2026-02-09 07:16:11.884,db-analytics-01,dcho,1,sshd,"sshd",launchd,,,SHA256=00098c80854360b300098c80854360b300098c80854360b300098c80854360b3
2026-02-09 07:25:22.783,db-analytics-01,secops,1,slack.exe,"slack.exe",cmd.exe,,,SHA256=0019e0b4b499600c0019e0b4b499600c0019e0b4b499600c0019e0b4b499600c
2026-02-09 07:33:11.675,filesrv02,mreyes,1,node,"node",launchd,,,SHA256=001ca95a424fa4aa001ca95a424fa4aa001ca95a424fa4aa001ca95a424fa4aa
2026-02-09 07:36:47.165,finance-lt23,mreyes,1,outlook.exe,"outlook.exe",cmd.exe,,,SHA256=000c9eeaa742143b000c9eeaa742143b000c9eeaa742143b000c9eeaa742143b
2026-02-09 07:45:32.111,finance-lt23,secops,1,node,"node",cmd.exe,,,SHA256=0009a664e976f69b0009a664e976f69b0009a664e976f69b0009a664e976f69b
2026-02-09 07:49:17.740,sec-admin01,mreyes,1,git,"git",systemd,,,SHA256=00231534ca03a16600231534ca03a16600231534ca03a16600231534ca03a166
2026-02-09 07:53:30.143,sec-admin01,dcho,1,python3,"python3",systemd,,,SHA256=001577cc3e99b952001577cc3e99b952001577cc3e99b952001577cc3e99b952
2026-02-09 08:03:30.278,hr-ws11,secops,1,chrome.exe,"chrome.exe",explorer.exe,,,SHA256=0022710dc75325f80022710dc75325f80022710dc75325f80022710dc75325f8
2026-02-09 08:14:38.890,hr-ws11,svc-build,1,sshd,"sshd",launchd,,,SHA256=000d61d588f82917000d61d588f82917000d61d588f82917000d61d588f82917
2026-02-09 08:18:35.489,filesrv02,dcho,1,sshd,"sshd",launchd,,,SHA256=001273d6f26b6c84001273d6f26b6c84001273d6f26b6c84001273d6f26b6c84
2026-02-09 08:25:57.644,sec-admin01,secops,1,git,"git",cmd.exe,,,SHA256=001fa9b8cce95a24001fa9b8cce95a24001fa9b8cce95a24001fa9b8cce95a24
2026-02-09 08:36:09.231,db-analytics-01,svc-backup,1,node,"node",systemd,,,SHA256=00143cf357033fdd00143cf357033fdd00143cf357033fdd00143cf357033fdd
2026-02-09 08:45:23.360,filesrv02,secops,1,chrome.exe,"chrome.exe",explorer.exe,,,SHA256=000ad12833c0ad45000ad12833c0ad45000ad12833c0ad45000ad12833c0ad45
2026-02-09 08:53:00.832,filesrv02,svc-backup,1,python3,"python3",systemd,,,SHA256=001623eddf9db35c001623eddf9db35c001623eddf9db35c001623eddf9db35c
2026-02-09 08:59:45.181,filesrv02,dcho,1,outlook.exe,"outlook.exe",cmd.exe,,,SHA256=000b710cb11746cf000b710cb11746cf000b710cb11746cf000b710cb11746cf
2026-02-09 09:07:41.370,sec-admin01,svc-backup,1,sshd,"sshd",explorer.exe,,,SHA256=001c60986c6e8b6b001c60986c6e8b6b001c60986c6e8b6b001c60986c6e8b6b
2026-02-09 09:15:01.616,hr-ws11,mreyes,1,slack.exe,"slack.exe",explorer.exe,,,SHA256=00094e61bced53c500094e61bced53c500094e61bced53c500094e61bced53c5
2026-02-09 09:24:26.862,filesrv02,svc-build,1,python3,"python3",launchd,,,SHA256=0011467ea3f032500011467ea3f032500011467ea3f032500011467ea3f03250
2026-02-09 09:34:28.167,filesrv02,mreyes,1,sshd,"sshd",explorer.exe,,,SHA256=0012ec591a7629470012ec591a7629470012ec591a7629470012ec591a762947
2026-02-09 09:38:34.457,finance-lt23,mreyes,1,git,"git",explorer.exe,,,SHA256=000a1c05fec6e53f000a1c05fec6e53f000a1c05fec6e53f000a1c05fec6e53f
2026-02-09 09:42:01.302,db-analytics-01,svc-export,1,chrome.exe,"chrome.exe",explorer.exe,,,SHA256=001d3fa2186d8a3d001d3fa2186d8a3d001d3fa2186d8a3d001d3fa2186d8a3d
2026-02-09 09:44:42.843,db-analytics-01,dcho,1,git,"git",systemd,,,SHA256=0005160f0fef05a00005160f0fef05a00005160f0fef05a00005160f0fef05a0
2026-02-09 09:47:52.779,finance-lt23,mreyes,1,sshd,"sshd",launchd,,,SHA256=0013a141ee5a9f440013a141ee5a9f440013a141ee5a9f440013a141ee5a9f44
2026-02-09 09:55:51.193,sec-admin01,svc-backup,1,git,"git",explorer.exe,,,SHA256=001f43eac2b2ba9f001f43eac2b2ba9f001f43eac2b2ba9f001f43eac2b2ba9f
2026-02-09 10:06:06.492,filesrv02,svc-build,1,git,"git",explorer.exe,,,SHA256=000d42a1884c6cd6000d42a1884c6cd6000d42a1884c6cd6000d42a1884c6cd6
2026-02-09 10:10:44.129,hr-ws11,secops,1,node,"node",systemd,,,SHA256=0011aa0be7c34ef40011aa0be7c34ef40011aa0be7c34ef40011aa0be7c34ef4
2026-02-09 10:20:38.101,filesrv02,svc-build,1,slack.exe,"slack.exe",cmd.exe,,,SHA256=001bb15a5f48d3bf001bb15a5f48d3bf001bb15a5f48d3bf001bb15a5f48d3bf
2026-02-09 10:29:13.273,hr-ws11,dcho,1,sshd,"sshd",systemd,,,SHA256=0022525480daf6f40022525480daf6f40022525480daf6f40022525480daf6f4
2026-02-09 10:33:55.843,finance-lt23,secops,1,slack.exe,"slack.exe",systemd,,,SHA256=000404b7371d67be000404b7371d67be000404b7371d67be000404b7371d67be
2026-02-09 10:39:19.109,jumphost-01,dcho,1,node,"node",cmd.exe,,,SHA256=000e5dc6f052ead5000e5dc6f052ead5000e5dc6f052ead5000e5dc6f052ead5
2026-02-09 10:47:09.053,filesrv02,secops,1,node,"node",launchd,,,SHA256=00125a48d4b7a87a00125a48d4b7a87a00125a48d4b7a87a00125a48d4b7a87a
2026-02-09 10:52:19.981,jumphost-01,svc-export,1,powershell.exe,"powershell.exe",explorer.exe,,,SHA256=001d0335d0810147001d0335d0810147001d0335d0810147001d0335d0810147
2026-02-09 10:56:29.042,sec-admin01,svc-export,1,chrome.exe,"chrome.exe",launchd,,,SHA256=00165842437c68a700165842437c68a700165842437c68a700165842437c68a7
2026-02-09 10:59:48.195,hr-ws11,npatel,1,node,"node",explorer.exe,,,SHA256=001d208531a33633001d208531a33633001d208531a33633001d208531a33633
2026-02-09 11:06:55.099,hr-ws11,secops,1,chrome.exe,"chrome.exe",explorer.exe,,,SHA256=00028d9cf0b46f7700028d9cf0b46f7700028d9cf0b46f7700028d9cf0b46f77
2026-02-09 11:13:36.309,sec-admin01,svc-export,1,python3,"python3",launchd,,,SHA256=0000f1c77b08c9cc0000f1c77b08c9cc0000f1c77b08c9cc0000f1c77b08c9cc
2026-02-09 11:21:36.526,db-analytics-01,secops,1,slack.exe,"slack.exe",cmd.exe,,,SHA256=0000cced9a2ba0440000cced9a2ba0440000cced9a2ba0440000cced9a2ba044
2026-02-09 11:30:49.823,jumphost-01,npatel,1,outlook.exe,"outlook.exe",launchd,,,SHA256=00003f76726ee3de00003f76726ee3de00003f76726ee3de00003f76726ee3de
2026-02-09 11:34:29.726,sec-admin01,svc-build,1,git,"git",launchd,,,SHA256=000eefb6a520347e000eefb6a520347e000eefb6a520347e000eefb6a520347e
2026-02-09 11:43:45.603,sec-admin01,secops,1,git,"git",systemd,,,SHA256=000011153543e756000011153543e756000011153543e756000011153543e756
2026-02-09 11:46:47.482,filesrv02,dcho,1,slack.exe,"slack.exe",launchd,,,SHA256=00157b6fad15d3d100157b6fad15d3d100157b6fad15d3d100157b6fad15d3d1
2026-02-09 11:57:28.500,jumphost-01,secops,1,powershell.exe,"powershell.exe",launchd,,,SHA256=001cbb7917c3e210001cbb7917c3e210001cbb7917c3e210001cbb7917c3e210
2026-02-09 12:02:25.719,filesrv02,dcho,1,sshd,"sshd",launchd,,,SHA256=000f3dbe58869699000f3dbe58869699000f3dbe58869699000f3dbe58869699
2026-02-09 12:08:21.751,db-analytics-01,dcho,1,node,"node",cmd.exe,,,SHA256=0012334ae132c4df0012334ae132c4df0012334ae132c4df0012334ae132c4df
2026-02-09 12:13:31.132,finance-lt23,npatel,1,slack.exe,"slack.exe",launchd,,,SHA256=00055e0b8d1d3e8a00055e0b8d1d3e8a00055e0b8d1d3e8a00055e0b8d1d3e8a
2026-02-09 12:17:59.876,hr-ws11,svc-build,1,git,"git",systemd,,,SHA256=0022e133bfcc4fe00022e133bfcc4fe00022e133bfcc4fe00022e133bfcc4fe0
2026-02-09 12:29:21.210,sec-admin01,secops,1,outlook.exe,"outlook.exe",systemd,,,SHA256=0016d9340857319a0016d9340857319a0016d9340857319a0016d9340857319a
2026-02-09 12:39:35.896,finance-lt23,npatel,1,sshd,"sshd",launchd,,,SHA256=000ae53ab5c5df00000ae53ab5c5df00000ae53ab5c5df00000ae53ab5c5df00
2026-02-09 12:42:26.303,hr-ws11,svc-export,1,git,"git",launchd,,,SHA256=00199b13ce98033100199b13ce98033100199b13ce98033100199b13ce980331
2026-02-09 12:49:27.849,finance-lt23,svc-build,1,powershell.exe,"powershell.exe",cmd.exe,,,SHA256=00150fb76f6482cd00150fb76f6482cd00150fb76f6482cd00150fb76f6482cd
2026-02-09 12:56:31.508,jumphost-01,npatel,1,slack.exe,"slack.exe",systemd,,,SHA256=00169ec5bbb4979200169ec5bbb4979200169ec5bbb4979200169ec5bbb49792
2026-02-09 13:00:32.678,filesrv02,secops,1,git,"git",explorer.exe,,,SHA256=001c1729dcde117c001c1729dcde117c001c1729dcde117c001c1729dcde117c
2026-02-09 13:09:34.268,filesrv02,secops,1,git,"git",launchd,,,SHA256=00014e49f1172d8900014e49f1172d8900014e49f1172d8900014e49f1172d89
2026-02-09 13:16:28.702,filesrv02,svc-build,1,python3,"python3",cmd.exe,,,SHA256=0010f90af8e41c3b0010f90af8e41c3b0010f90af8e41c3b0010f90af8e41c3b
2026-02-09 13:22:01.711,finance-lt23,mreyes,1,chrome.exe,"chrome.exe",cmd.exe,,,SHA256=0020d4d81423da580020d4d81423da580020d4d81423da580020d4d81423da58
2026-02-09 13:29:11.015,finance-lt23,svc-export,1,slack.exe,"slack.exe",systemd,,,SHA256=001b3f864a7ff4b7001b3f864a7ff4b7001b3f864a7ff4b7001b3f864a7ff4b7
2026-02-09 13:34:49.876,finance-lt23,svc-build,1,chrome.exe,"chrome.exe",systemd,,,SHA256=000f443f91db43df000f443f91db43df000f443f91db43df000f443f91db43df
2026-02-09 13:38:17.266,hr-ws11,dcho,1,chrome.exe,"chrome.exe",cmd.exe,,,SHA256=001b1b2589e32eee001b1b2589e32eee001b1b2589e32eee001b1b2589e32eee
2026-02-09 13:43:55.100,filesrv02,svc-build,1,sshd,"sshd",launchd,,,SHA256=000f733b0e53a50a000f733b0e53a50a000f733b0e53a50a000f733b0e53a50a
2026-02-09 13:52:24.407,jumphost-01,npatel,1,sshd,"sshd",cmd.exe,,,SHA256=00087491a8cc4b3800087491a8cc4b3800087491a8cc4b3800087491a8cc4b38
2026-02-09 13:58:05.963,filesrv02,npatel,1,slack.exe,"slack.exe",cmd.exe,,,SHA256=000c34942193687f000c34942193687f000c34942193687f000c34942193687f
2026-02-09 14:03:30.123,finance-lt23,dcho,1,slack.exe,"slack.exe",systemd,,,SHA256=000ff84acfbc7493000ff84acfbc7493000ff84acfbc7493000ff84acfbc7493
2026-02-09 14:14:32.316,jumphost-01,secops,1,slack.exe,"slack.exe",systemd,,,SHA256=00139075c045e58600139075c045e58600139075c045e58600139075c045e586
2026-02-09 14:24:15.777,jumphost-01,dcho,1,slack.exe,"slack.exe",cmd.exe,,,SHA256=0009a2b1abf07f2d0009a2b1abf07f2d0009a2b1abf07f2d0009a2b1abf07f2d
2026-02-09 14:32:06.040,hr-ws11,npatel,1,node,"node",launchd,,,SHA256=000e595d15870b39000e595d15870b39000e595d15870b39000e595d15870b39
2026-02-09 14:39:40.833,hr-ws11,svc-build,1,slack.exe,"slack.exe",explorer.exe,,,SHA256=00021cad924e933600021cad924e933600021cad924e933600021cad924e9336
2026-02-09 14:45:16.312,finance-lt23,dcho,1,chrome.exe,"chrome.exe",launchd,,,SHA256=00190c74888d05ef00190c74888d05ef00190c74888d05ef00190c74888d05ef
2026-02-09 14:56:41.841,db-analytics-01,mreyes,1,sshd,"sshd",launchd,,,SHA256=0020ed4aad912fe60020ed4aad912fe60020ed4aad912fe60020ed4aad912fe6
2026-02-09 15:02:20.267,hr-ws11,dcho,1,slack.exe,"slack.exe",launchd,,,SHA256=0001bcfe1a122ae40001bcfe1a122ae40001bcfe1a122ae40001bcfe1a122ae4
2026-02-09 15:11:02.195,hr-ws11,svc-backup,1,chrome.exe,"chrome.exe",cmd.exe,,,SHA256=000c40b7b6b572cb000c40b7b6b572cb000c40b7b6b572cb000c40b7b6b572cb
2026-02-09 15:20:58.093,hr-ws11,mreyes,1,powershell.exe,"powershell.exe",explorer.exe,,,SHA256=001360ce3aebb62c001360ce3aebb62c001360ce3aebb62c001360ce3aebb62c
2026-02-09 15:25:02.005,db-analytics-01,npatel,1,node,"node",explorer.exe,,,SHA256=0008cefbdef1cf570008cefbdef1cf570008cefbdef1cf570008cefbdef1cf57
2026-02-09 15:31:19.700,hr-ws11,dcho,1,powershell.exe,"powershell.exe",cmd.exe,,,SHA256=0019ad98428426d90019ad98428426d90019ad98428426d90019ad98428426d9
2026-02-09 15:38:30.537,finance-lt23,secops,1,sshd,"sshd",explorer.exe,,,SHA256=00021ccef93ea2a800021ccef93ea2a800021ccef93ea2a800021ccef93ea2a8
2026-02-09 15:42:18.233,jumphost-01,mreyes,1,chrome.exe,"chrome.exe",launchd,,,SHA256=00175f0ccc4f456a00175f0ccc4f456a00175f0ccc4f456a00175f0ccc4f456a
2026-02-09 15:51:26.806,filesrv02,dcho,1,node,"node",cmd.exe,,,SHA256=000b22ebb05f4f98000b22ebb05f4f98000b22ebb05f4f98000b22ebb05f4f98
2026-02-09 15:56:23.834,sec-admin01,npatel,1,chrome.exe,"chrome.exe",launchd,,,SHA256=00166ddbaa12207500166ddbaa12207500166ddbaa12207500166ddbaa122075
2026-02-09 16:07:27.044,sec-admin01,npatel,1,outlook.exe,"outlook.exe",explorer.exe,,,SHA256=001c2629dca0cf07001c2629dca0cf07001c2629dca0cf07001c2629dca0cf07
2026-02-09 16:18:19.177,finance-lt23,mreyes,1,slack.exe,"slack.exe",launchd,,,SHA256=001e56070e638b97001e56070e638b97001e56070e638b97001e56070e638b97
2026-02-09 16:26:40.868,finance-lt23,secops,1,outlook.exe,"outlook.exe",cmd.exe,,,SHA256=000c8c33b2c9e066000c8c33b2c9e066000c8c33b2c9e066000c8c33b2c9e066
2026-02-09 16:31:16.414,filesrv02,svc-export,1,outlook.exe,"outlook.exe",systemd,,,SHA256=00022739d12fec9a00022739d12fec9a00022739d12fec9a00022739d12fec9a
2026-02-09 16:39:11.110,db-analytics-01,mreyes,1,python3,"python3",explorer.exe,,,SHA256=001eb7a8f2e44687001eb7a8f2e44687001eb7a8f2e44687001eb7a8f2e44687
2026-02-09 16:43:23.321,db-analytics-01,npatel,1,sshd,"sshd",launchd,,,SHA256=0000ba1539c462e60000ba1539c462e60000ba1539c462e60000ba1539c462e6
2026-02-09 16:47:15.402,hr-ws11,svc-build,1,python3,"python3",cmd.exe,,,SHA256=0020e2266da5bca20020e2266da5bca20020e2266da5bca20020e2266da5bca2
2026-02-09 16:56:44.528,jumphost-01,npatel,1,node,"node",explorer.exe,,,SHA256=0009275f4b7e952c0009275f4b7e952c0009275f4b7e952c0009275f4b7e952c
2026-02-09 16:59:40.719,finance-lt23,svc-build,1,slack.exe,"slack.exe",launchd,,,SHA256=000a3f8a1a928fa9000a3f8a1a928fa9000a3f8a1a928fa9000a3f8a1a928fa9
2026-02-09 17:09:51.869,jumphost-01,mreyes,1,python3,"python3",explorer.exe,,,SHA256=0012e4f7960fb1500012e4f7960fb1500012e4f7960fb1500012e4f7960fb150
2026-02-09 17:12:25.226,filesrv02,svc-backup,1,chrome.exe,"chrome.exe",explorer.exe,,,SHA256=00059d70ddc007cf00059d70ddc007cf00059d70ddc007cf00059d70ddc007cf
2026-02-09 17:22:35.990,filesrv02,svc-build,1,slack.exe,"slack.exe",launchd,,,SHA256=001f0bb0ed156a97001f0bb0ed156a97001f0bb0ed156a97001f0bb0ed156a97
2026-02-09 17:30:34.871,finance-lt23,npatel,1,python3,"python3",launchd,,,SHA256=001c02ceb41d0e55001c02ceb41d0e55001c02ceb41d0e55001c02ceb41d0e55
2026-02-09 17:36:39.490,finance-lt23,mreyes,1,powershell.exe,"powershell.exe",cmd.exe,,,SHA256=0007f755d40702100007f755d40702100007f755d40702100007f755d4070210
2026-02-09 17:42:05.334,finance-lt23,svc-build,1,outlook.exe,"outlook.exe",explorer.exe,,,SHA256=0001c3237899bb960001c3237899bb960001c3237899bb960001c3237899bb96
2026-02-09 17:47:10.001,hr-ws11,svc-build,1,chrome.exe,"chrome.exe",launchd,,,SHA256=00227d88a5eaa54600227d88a5eaa54600227d88a5eaa54600227d88a5eaa546
2026-02-09 17:55:53.025,db-analytics-01,svc-build,1,python3,"python3",cmd.exe,,,SHA256=001f7654cf7ab955001f7654cf7ab955001f7654cf7ab955001f7654cf7ab955
2026-02-09 18:02:59.727,db-analytics-01,svc-build,1,slack.exe,"slack.exe",launchd,,,SHA256=0021254dc29daf240021254dc29daf240021254dc29daf240021254dc29daf24
2026-02-09 18:14:01.974,finance-lt23,secops,1,sshd,"sshd",cmd.exe,,,SHA256=001db4cd19b2a544001db4cd19b2a544001db4cd19b2a544001db4cd19b2a544
2026-02-09 18:18:36.082,hr-ws11,svc-backup,1,chrome.exe,"chrome.exe",systemd,,,SHA256=0014ea5abc18972a0014ea5abc18972a0014ea5abc18972a0014ea5abc18972a
2026-02-09 18:27:26.577,sec-admin01,mreyes,1,sshd,"sshd",cmd.exe,,,SHA256=00018ee56e8adfd600018ee56e8adfd600018ee56e8adfd600018ee56e8adfd6
2026-02-09 18:37:36.214,hr-ws11,svc-export,1,chrome.exe,"chrome.exe",launchd,,,SHA256=001508d0f7129ad1001508d0f7129ad1001508d0f7129ad1001508d0f7129ad1
2026-02-09 18:43:33.273,finance-lt23,mreyes,1,node,"node",cmd.exe,,,SHA256=000edbc145957348000edbc145957348000edbc145957348000edbc145957348
2026-02-09 18:52:16.303,filesrv02,svc-export,1,powershell.exe,"powershell.exe",launchd,,,SHA256=001f29de857d6d3a001f29de857d6d3a001f29de857d6d3a001f29de857d6d3a
2026-02-09 18:59:37.377,db-analytics-01,secops,1,chrome.exe,"chrome.exe",systemd,,,SHA256=001f3bcd0ef1feec001f3bcd0ef1feec001f3bcd0ef1feec001f3bcd0ef1feec
2026-02-09 19:09:34.661,jumphost-01,mreyes,1,chrome.exe,"chrome.exe",cmd.exe,,,SHA256=001fd81f6035791d001fd81f6035791d001fd81f6035791d001fd81f6035791d
2026-02-09 19:14:54.390,sec-admin01,svc-backup,1,node,"node",systemd,,,SHA256=001e3d6ea226d2b7001e3d6ea226d2b7001e3d6ea226d2b7001e3d6ea226d2b7
2026-02-09 19:18:25.783,filesrv02,dcho,1,git,"git",cmd.exe,,,SHA256=001c0455c13380ef001c0455c13380ef001c0455c13380ef001c0455c13380ef
2026-02-09 19:26:18.264,jumphost-01,mreyes,1,python3,"python3",systemd,,,SHA256=000f4d788da7a70d000f4d788da7a70d000f4d788da7a70d000f4d788da7a70d
2026-02-09 19:33:10.619,filesrv02,svc-export,1,git,"git",launchd,,,SHA256=0012aff5ac39a9540012aff5ac39a9540012aff5ac39a9540012aff5ac39a954
2026-02-09 19:41:42.192,filesrv02,secops,1,node,"node",explorer.exe,,,SHA256=001fe6e279629cca001fe6e279629cca001fe6e279629cca001fe6e279629cca
2026-02-09 19:44:26.471,sec-admin01,svc-backup,1,slack.exe,"slack.exe",systemd,,,SHA256=000bde6aee6c39c7000bde6aee6c39c7000bde6aee6c39c7000bde6aee6c39c7
2026-02-09 19:50:30.643,filesrv02,npatel,1,git,"git",launchd,,,SHA256=0011987f7cd371930011987f7cd371930011987f7cd371930011987f7cd37193
2026-02-09 19:56:48.032,jumphost-01,npatel,1,powershell.exe,"powershell.exe",launchd,,,SHA256=00212d014a719f8600212d014a719f8600212d014a719f8600212d014a719f86
2026-02-09 20:01:34.475,hr-ws11,svc-export,1,python3,"python3",launchd,,,SHA256=0016e418a021145d0016e418a021145d0016e418a021145d0016e418a021145d
2026-02-09 20:10:49.217,db-analytics-01,npatel,1,chrome.exe,"chrome.exe",systemd,,,SHA256=000e452e43237ec2000e452e43237ec2000e452e43237ec2000e452e43237ec2
2026-02-09 20:19:54.087,db-analytics-01,secops,1,outlook.exe,"outlook.exe",explorer.exe,,,SHA256=0000d411c514063c0000d411c514063c0000d411c514063c0000d411c514063c
2026-02-09 20:29:23.567,finance-lt23,secops,1,node,"node",explorer.exe,,,SHA256=0018addf8edade060018addf8edade060018addf8edade060018addf8edade06
2026-02-09 20:40:18.702,hr-ws11,svc-build,1,outlook.exe,"outlook.exe",launchd,,,SHA256=0006460be55233700006460be55233700006460be55233700006460be5523370
2026-02-09 20:44:19.113,hr-ws11,svc-export,1,python3,"python3",systemd,,,SHA256=0004e123b26cb7e50004e123b26cb7e50004e123b26cb7e50004e123b26cb7e5
2026-02-09 20:50:22.976,filesrv02,secops,1,node,"node",explorer.exe,,,SHA256=00148b241a8f30ac00148b241a8f30ac00148b241a8f30ac00148b241a8f30ac
2026-02-09 20:55:31.730,filesrv02,mreyes,1,node,"node",explorer.exe,,,SHA256=000ed67d92107eea000ed67d92107eea000ed67d92107eea000ed67d92107eea
2026-02-09 21:01:45.289,db-analytics-01,svc-backup,1,git,"git",explorer.exe,,,SHA256=000b6f1a87b708a7000b6f1a87b708a7000b6f1a87b708a7000b6f1a87b708a7
2026-02-09 21:09:19.129,finance-lt23,dcho,1,powershell.exe,"powershell.exe",systemd,,,SHA256=001f8ee7f0225fbc001f8ee7f0225fbc001f8ee7f0225fbc001f8ee7f0225fbc
2026-02-09 21:16:05.164,filesrv02,mreyes,1,sshd,"sshd",explorer.exe,,,SHA256=001e79a0cbb305e8001e79a0cbb305e8001e79a0cbb305e8001e79a0cbb305e8
2026-02-09 21:22:25.758,sec-admin01,mreyes,1,slack.exe,"slack.exe",systemd,,,SHA256=0007d7ccf2124d8f0007d7ccf2124d8f0007d7ccf2124d8f0007d7ccf2124d8f
2026-02-09 21:29:40.406,db-analytics-01,svc-backup,1,slack.exe,"slack.exe",cmd.exe,,,SHA256=00100302835424cc00100302835424cc00100302835424cc00100302835424cc
2026-02-09 21:36:47.015,jumphost-01,svc-export,1,slack.exe,"slack.exe",cmd.exe,,,SHA256=00192e4575e824d200192e4575e824d200192e4575e824d200192e4575e824d2
2026-02-09 21:40:57.674,finance-lt23,mreyes,1,python3,"python3",explorer.exe,,,SHA256=0009e08da4bc19da0009e08da4bc19da0009e08da4bc19da0009e08da4bc19da
2026-02-09 21:48:09.290,db-analytics-01,svc-build,1,slack.exe,"slack.exe",systemd,,,SHA256=001b4838412b7015001b4838412b7015001b4838412b7015001b4838412b7015
2026-02-09 21:51:53.315,sec-admin01,svc-export,1,outlook.exe,"outlook.exe",launchd,,,SHA256=000c2b16c4e4184a000c2b16c4e4184a000c2b16c4e4184a000c2b16c4e4184a
2026-02-09 22:02:00.492,db-analytics-01,svc-export,1,slack.exe,"slack.exe",cmd.exe,,,SHA256=000f399cb4549b39000f399cb4549b39000f399cb4549b39000f399cb4549b39
2026-02-09 22:07:14.428,db-analytics-01,npatel,1,powershell.exe,"powershell.exe",launchd,,,SHA256=001604bc1ab5c4d2001604bc1ab5c4d2001604bc1ab5c4d2001604bc1ab5c4d2
2026-02-09 22:10:13.826,jumphost-01,npatel,1,node,"node",explorer.exe,,,SHA256=001edc3614b1a0dd001edc3614b1a0dd001edc3614b1a0dd001edc3614b1a0dd
2026-02-09 22:17:53.242,hr-ws11,svc-export,1,chrome.exe,"chrome.exe",explorer.exe,,,SHA256=000404fea4c400b2000404fea4c400b2000404fea4c400b2000404fea4c400b2
2026-02-09 22:26:25.727,hr-ws11,svc-backup,1,git,"git",explorer.exe,,,SHA256=000a13bc456d7e06000a13bc456d7e06000a13bc456d7e06000a13bc456d7e06
2026-02-09 22:30:01.011,sec-admin01,mreyes,1,powershell.exe,"powershell.exe",explorer.exe,,,SHA256=001a35478f2f7901001a35478f2f7901001a35478f2f7901001a35478f2f7901
2026-02-09 22:40:56.966,finance-lt23,svc-export,1,slack.exe,"slack.exe",explorer.exe,,,SHA256=0016bd80a165f8100016bd80a165f8100016bd80a165f8100016bd80a165f810
2026-02-09 22:49:10.780,hr-ws11,svc-export,1,outlook.exe,"outlook.exe",cmd.exe,,,SHA256=000749e488dc2638000749e488dc2638000749e488dc2638000749e488dc2638
2026-02-09 22:55:44.084,finance-lt23,svc-backup,1,git,"git",explorer.exe,,,SHA256=0003e678cd4380d30003e678cd4380d30003e678cd4380d30003e678cd4380d3
2026-02-09 23:07:11.460,finance-lt23,npatel,1,sshd,"sshd",launchd,,,SHA256=000bc908a8b727fe000bc908a8b727fe000bc908a8b727fe000bc908a8b727fe
2026-02-09 23:17:36.424,sec-admin01,svc-backup,1,node,"node",systemd,,,SHA256=00083b7987ed451900083b7987ed451900083b7987ed451900083b7987ed4519
2026-02-09 23:21:38.819,jumphost-01,svc-build,1,powershell.exe,"powershell.exe",launchd,,,SHA256=000fa7213dc3a934000fa7213dc3a934000fa7213dc3a934000fa7213dc3a934
2026-02-09 23:25:32.158,hr-ws11,svc-backup,1,outlook.exe,"outlook.exe",explorer.exe,,,SHA256=00037d2d396ab13e00037d2d396ab13e00037d2d396ab13e00037d2d396ab13e
2026-02-09 23:32:02.088,jumphost-01,dcho,1,python3,"python3",systemd,,,SHA256=001bbfa0830cb843001bbfa0830cb843001bbfa0830cb843001bbfa0830cb843
2026-02-09 23:41:54.835,sec-admin01,svc-build,1,python3,"python3",systemd,,,SHA256=0003fe686fe5f8270003fe686fe5f8270003fe686fe5f8270003fe686fe5f827
2026-02-09 23:46:08.015,sec-admin01,svc-build,1,sshd,"sshd",systemd,,,SHA256=0004d648e6a13fa30004d648e6a13fa30004d648e6a13fa30004d648e6a13fa3
2026-02-09 23:52:50.094,jumphost-01,dcho,1,sshd,"sshd",launchd,,,SHA256=00040d3e7fcd686700040d3e7fcd686700040d3e7fcd686700040d3e7fcd6867
2026-02-10 00:02:37.340,hr-ws11,svc-build,1,python3,"python3",systemd,,,SHA256=0001714467cb8aae0001714467cb8aae0001714467cb8aae0001714467cb8aae
2026-02-10 00:08:50.327,db-analytics-01,secops,1,chrome.exe,"chrome.exe",explorer.exe,,,SHA256=0020afaf92199bae0020afaf92199bae0020afaf92199bae0020afaf92199bae
2026-02-10 00:16:31.773,db-analytics-01,npatel,1,chrome.exe,"chrome.exe",cmd.exe,,,SHA256=0009fb8bf38a02a60009fb8bf38a02a60009fb8bf38a02a60009fb8bf38a02a6
2026-02-10 00:19:33.175,jumphost-01,mreyes,1,slack.exe,"slack.exe",systemd,,,SHA256=0014817a2c1ccc750014817a2c1ccc750014817a2c1ccc750014817a2c1ccc75
2026-02-10 00:26:22.675,sec-admin01,npatel,1,git,"git",cmd.exe,,,SHA256=001551485add1003001551485add1003001551485add1003001551485add1003
2026-02-10 00:34:07.890,db-analytics-01,svc-backup,1,outlook.exe,"outlook.exe",cmd.exe,,,SHA256=001f09115247dde6001f09115247dde6001f09115247dde6001f09115247dde6
2026-02-10 00:39:35.790,sec-admin01,secops,1,chrome.exe,"chrome.exe",launchd,,,SHA256=001b99cb10174c00001b99cb10174c00001b99cb10174c00001b99cb10174c00
2026-02-10 00:50:21.710,filesrv02,svc-export,1,slack.exe,"slack.exe",systemd,,,SHA256=00202c85fcdae21000202c85fcdae21000202c85fcdae21000202c85fcdae210
2026-02-10 00:58:59.487,db-analytics-01,npatel,1,node,"node",explorer.exe,,,SHA256=0011f2ff62166e670011f2ff62166e670011f2ff62166e670011f2ff62166e67
2026-02-10 01:02:46.518,finance-lt23,svc-backup,1,outlook.exe,"outlook.exe",cmd.exe,,,SHA256=001a907f46152a49001a907f46152a49001a907f46152a49001a907f46152a49
2026-02-10 01:08:47.098,sec-admin01,svc-export,1,powershell.exe,"powershell.exe",cmd.exe,,,SHA256=001a53f1883ba39b001a53f1883ba39b001a53f1883ba39b001a53f1883ba39b
2026-02-10 01:18:04.187,sec-admin01,svc-build,1,sshd,"sshd",cmd.exe,,,SHA256=0012851cbec32de50012851cbec32de50012851cbec32de50012851cbec32de5
2026-02-10 01:27:57.052,finance-lt23,mreyes,1,python3,"python3",launchd,,,SHA256=000fb631efe236e4000fb631efe236e4000fb631efe236e4000fb631efe236e4
2026-02-10 01:34:37.131,sec-admin01,svc-backup,1,outlook.exe,"outlook.exe",systemd,,,SHA256=000e914bad0cd317000e914bad0cd317000e914bad0cd317000e914bad0cd317
2026-02-10 01:37:17.662,sec-admin01,npatel,1,sshd,"sshd",explorer.exe,,,SHA256=001ef4a3b395bd01001ef4a3b395bd01001ef4a3b395bd01001ef4a3b395bd01
2026-02-10 01:43:48.715,sec-admin01,svc-backup,1,chrome.exe,"chrome.exe",cmd.exe,,,SHA256=000ede33870fe626000ede33870fe626000ede33870fe626000ede33870fe626
2026-02-10 01:49:56.506,jumphost-01,secops,1,git,"git",systemd,,,SHA256=001f668b175c2aea001f668b175c2aea001f668b175c2aea001f668b175c2aea
2026-02-10 01:54:26.287,filesrv02,svc-backup,1,outlook.exe,"outlook.exe",launchd,,,SHA256=0020b3ff7644cad40020b3ff7644cad40020b3ff7644cad40020b3ff7644cad4
2026-02-10 02:03:37.498,sec-admin01,svc-build,1,git,"git",systemd,,,SHA256=001f0ba058fa84e4001f0ba058fa84e4001f0ba058fa84e4001f0ba058fa84e4
2026-02-10 02:11:17.748,finance-lt23,dcho,1,sshd,"sshd",cmd.exe,,,SHA256=000a784b1dd6b409000a784b1dd6b409000a784b1dd6b409000a784b1dd6b409
2026-02-10 02:18:21.858,sec-admin01,secops,1,git,"git",explorer.exe,,,SHA256=000a9a67572a11ca000a9a67572a11ca000a9a67572a11ca000a9a67572a11ca
2026-02-10 02:22:40.662,sec-admin01,dcho,1,powershell.exe,"powershell.exe",launchd,,,SHA256=0006e1779696edc50006e1779696edc50006e1779696edc50006e1779696edc5
2026-02-10 02:32:52.319,jumphost-01,npatel,1,chrome.exe,"chrome.exe",systemd,,,SHA256=0021df5af7ff3e980021df5af7ff3e980021df5af7ff3e980021df5af7ff3e98
2026-02-10 02:44:21.080,hr-ws11,svc-build,1,sshd,"sshd",cmd.exe,,,SHA256=0008aa73864605460008aa73864605460008aa73864605460008aa7386460546
2026-02-10 02:54:13.028,sec-admin01,dcho,1,sshd,"sshd",explorer.exe,,,SHA256=000efab399979e3b000efab399979e3b000efab399979e3b000efab399979e3b
2026-02-10 02:58:07.323,sec-admin01,secops,1,git,"git",launchd,,,SHA256=0007ee558b01db780007ee558b01db780007ee558b01db780007ee558b01db78
2026-02-10 03:05:00.727,jumphost-01,svc-build,1,slack.exe,"slack.exe",explorer.exe,,,SHA256=000d022dea3cb197000d022dea3cb197000d022dea3cb197000d022dea3cb197
2026-02-10 03:12:02.143,finance-lt23,svc-backup,1,powershell.exe,"powershell.exe",explorer.exe,,,SHA256=00007260967bed9c00007260967bed9c00007260967bed9c00007260967bed9c
2026-02-10 03:16:35.928,filesrv02,svc-export,1,chrome.exe,"chrome.exe",cmd.exe,,,SHA256=0014f6d08e6363d70014f6d08e6363d70014f6d08e6363d70014f6d08e6363d7
2026-02-10 03:25:44.779,finance-lt23,svc-export,1,python3,"python3",launchd,,,SHA256=001ee1161d58603b001ee1161d58603b001ee1161d58603b001ee1161d58603b
2026-02-10 03:30:25.919,filesrv02,mreyes,1,slack.exe,"slack.exe",explorer.exe,,,SHA256=00013bc56a9266fa00013bc56a9266fa00013bc56a9266fa00013bc56a9266fa
2026-02-10 03:37:32.558,jumphost-01,npatel,1,chrome.exe,"chrome.exe",launchd,,,SHA256=001d0e4bcdbb984c001d0e4bcdbb984c001d0e4bcdbb984c001d0e4bcdbb984c
2026-02-10 03:40:04.557,hr-ws11,svc-build,1,git,"git",systemd,,,SHA256=0004e878a98fdc9d0004e878a98fdc9d0004e878a98fdc9d0004e878a98fdc9d
2026-02-10 03:46:59.808,jumphost-01,svc-backup,1,node,"node",explorer.exe,,,SHA256=00075dbf26536ea200075dbf26536ea200075dbf26536ea200075dbf26536ea2
2026-02-10 03:52:56.936,finance-lt23,svc-export,1,python3,"python3",explorer.exe,,,SHA256=0008083d94a0f7040008083d94a0f7040008083d94a0f7040008083d94a0f704
2026-02-10 04:03:09.991,db-analytics-01,npatel,1,outlook.exe,"outlook.exe",systemd,,,SHA256=0019e21d7b38499a0019e21d7b38499a0019e21d7b38499a0019e21d7b38499a
2026-02-10 04:10:10.144,sec-admin01,secops,1,slack.exe,"slack.exe",launchd,,,SHA256=001e701549307e6e001e701549307e6e001e701549307e6e001e701549307e6e
2026-02-10 04:20:45.072,jumphost-01,svc-export,1,sshd,"sshd",launchd,,,SHA256=000fb031dd45a904000fb031dd45a904000fb031dd45a904000fb031dd45a904
2026-02-10 04:28:34.439,finance-lt23,secops,1,sshd,"sshd",cmd.exe,,,SHA256=000a5d946ac26699000a5d946ac26699000a5d946ac26699000a5d946ac26699
2026-02-10 04:36:34.277,filesrv02,secops,1,python3,"python3",explorer.exe,,,SHA256=00159df6a146f05100159df6a146f05100159df6a146f05100159df6a146f051
2026-02-10 04:43:12.312,hr-ws11,dcho,1,powershell.exe,"powershell.exe",systemd,,,SHA256=00124afd1469e09200124afd1469e09200124afd1469e09200124afd1469e092
2026-02-10 04:50:12.510,hr-ws11,mreyes,1,chrome.exe,"chrome.exe",explorer.exe,,,SHA256=000d71236a1d7afd000d71236a1d7afd000d71236a1d7afd000d71236a1d7afd
2026-02-10 04:55:16.015,filesrv02,mreyes,1,sshd,"sshd",systemd,,,SHA256=0010b76fe28094c10010b76fe28094c10010b76fe28094c10010b76fe28094c1
2026-02-10 05:06:36.830,finance-lt23,dcho,1,sshd,"sshd",explorer.exe,,,SHA256=00161b2ad9e2473e00161b2ad9e2473e00161b2ad9e2473e00161b2ad9e2473e
2026-02-10 05:16:47.275,jumphost-01,svc-build,1,node,"node",cmd.exe,,,SHA256=000fc3639dfbf133000fc3639dfbf133000fc3639dfbf133000fc3639dfbf133
2026-02-10 05:19:57.512,sec-admin01,mreyes,1,python3,"python3",launchd,,,SHA256=00107a5b134fc2ec00107a5b134fc2ec00107a5b134fc2ec00107a5b134fc2ec
2026-02-10 05:26:56.017,filesrv02,dcho,1,powershell.exe,"powershell.exe",systemd,,,SHA256=001ac67bc8c4b828001ac67bc8c4b828001ac67bc8c4b828001ac67bc8c4b828
2026-02-10 05:31:58.334,db-analytics-01,svc-export,1,outlook.exe,"outlook.exe",launchd,,,SHA256=000ac9f9e94e86b1000ac9f9e94e86b1000ac9f9e94e86b1000ac9f9e94e86b1
2026-02-10 05:37:08.070,hr-ws11,svc-build,1,python3,"python3",explorer.exe,,,SHA256=00067e6880fb3ade00067e6880fb3ade00067e6880fb3ade00067e6880fb3ade
2026-02-10 05:47:28.876,hr-ws11,npatel,1,node,"node",explorer.exe,,,SHA256=000d9f454c970b74000d9f454c970b74000d9f454c970b74000d9f454c970b74
2026-02-10 05:52:54.933,db-analytics-01,svc-backup,1,git,"git",explorer.exe,,,SHA256=001cdf293cc3ec9f001cdf293cc3ec9f001cdf293cc3ec9f001cdf293cc3ec9f
2026-02-10 06:03:49.713,finance-lt23,svc-backup,1,chrome.exe,"chrome.exe",launchd,,,SHA256=0006a2241f5aa6010006a2241f5aa6010006a2241f5aa6010006a2241f5aa601
2026-02-10 06:06:31.816,jumphost-01,svc-backup,1,slack.exe,"slack.exe",systemd,,,SHA256=0006ba29228e3a070006ba29228e3a070006ba29228e3a070006ba29228e3a07
2026-02-10 06:17:19.544,finance-lt23,svc-build,1,node,"node",cmd.exe,,,SHA256=0007f64673d254fc0007f64673d254fc0007f64673d254fc0007f64673d254fc
2026-02-10 06:28:13.290,jumphost-01,secops,1,outlook.exe,"outlook.exe",launchd,,,SHA256=002327cfc1a8d09a002327cfc1a8d09a002327cfc1a8d09a002327cfc1a8d09a
2026-02-10 06:35:51.387,filesrv02,svc-build,1,chrome.exe,"chrome.exe",cmd.exe,,,SHA256=00237a8fc83b2d0800237a8fc83b2d0800237a8fc83b2d0800237a8fc83b2d08
2026-02-10 06:42:09.009,hr-ws11,dcho,1,python3,"python3",systemd,,,SHA256=0015a877dba2c2850015a877dba2c2850015a877dba2c2850015a877dba2c285
2026-02-10 06:48:13.125,hr-ws11,npatel,1,sshd,"sshd",explorer.exe,,,SHA256=000710110d3e6f31000710110d3e6f31000710110d3e6f31000710110d3e6f31
2026-02-10 06:51:45.086,filesrv02,dcho,1,git,"git",systemd,,,SHA256=000c6a6627f632b1000c6a6627f632b1000c6a6627f632b1000c6a6627f632b1
2026-02-10 06:55:45.803,hr-ws11,svc-backup,1,node,"node",launchd,,,SHA256=000ec7ffacfe95a0000ec7ffacfe95a0000ec7ffacfe95a0000ec7ffacfe95a0
2026-02-10 06:59:29.841,sec-admin01,svc-build,1,python3,"python3",systemd,,,SHA256=00040202499f750f00040202499f750f00040202499f750f00040202499f750f
2026-02-10 07:02:21.188,hr-ws11,svc-build,1,outlook.exe,"outlook.exe",cmd.exe,,,SHA256=00212ae45e8be28200212ae45e8be28200212ae45e8be28200212ae45e8be282
2026-02-10 07:08:45.750,hr-ws11,secops,1,node,"node",explorer.exe,,,SHA256=001c48593c6bcf22001c48593c6bcf22001c48593c6bcf22001c48593c6bcf22
2026-02-10 07:13:38.253,jumphost-01,svc-build,1,node,"node",systemd,,,SHA256=000d9d2a50683d2e000d9d2a50683d2e000d9d2a50683d2e000d9d2a50683d2e
2026-02-10 07:22:42.558,jumphost-01,svc-backup,1,outlook.exe,"outlook.exe",explorer.exe,,,SHA256=001bfb95649744c7001bfb95649744c7001bfb95649744c7001bfb95649744c7
2026-02-10 07:31:06.349,sec-admin01,svc-export,1,powershell.exe,"powershell.exe",explorer.exe,,,SHA256=000b45e9a9cd69a0000b45e9a9cd69a0000b45e9a9cd69a0000b45e9a9cd69a0
2026-02-10 07:41:49.643,finance-lt23,mreyes,1,slack.exe,"slack.exe",explorer.exe,,,SHA256=0008da66d09c1d4b0008da66d09c1d4b0008da66d09c1d4b0008da66d09c1d4b
2026-02-10 07:46:20.970,hr-ws11,npatel,1,git,"git",systemd,,,SHA256=002345776e19e616002345776e19e616002345776e19e616002345776e19e616
2026-02-10 07:56:58.843,filesrv02,svc-export,1,outlook.exe,"outlook.exe",explorer.exe,,,SHA256=000399810fac0cae000399810fac0cae000399810fac0cae000399810fac0cae
2026-02-10 08:05:26.129,finance-lt23,npatel,1,outlook.exe,"outlook.exe",launchd,,,SHA256=002075f224ccfb06002075f224ccfb06002075f224ccfb06002075f224ccfb06
2026-02-10 08:10:32.079,finance-lt23,secops,1,sshd,"sshd",explorer.exe,,,SHA256=001f711c76cd2d33001f711c76cd2d33001f711c76cd2d33001f711c76cd2d33
2026-02-10 08:18:15.503,sec-admin01,npatel,1,powershell.exe,"powershell.exe",launchd,,,SHA256=00210554771fc94200210554771fc94200210554771fc94200210554771fc942
2026-02-10 08:23:21.235,jumphost-01,mreyes,1,sshd,"sshd",launchd,,,SHA256=0020b876abff352a0020b876abff352a0020b876abff352a0020b876abff352a
2026-02-10 08:32:12.600,finance-lt23,svc-export,1,sshd,"sshd",systemd,,,SHA256=00214003e36c626c00214003e36c626c00214003e36c626c00214003e36c626c
2026-02-10 08:42:10.886,jumphost-01,svc-export,1,slack.exe,"slack.exe",systemd,,,SHA256=000f97abf9049500000f97abf9049500000f97abf9049500000f97abf9049500
2026-02-10 08:48:28.379,finance-lt23,npatel,1,python3,"python3",cmd.exe,,,SHA256=0010e4564cdb379d0010e4564cdb379d0010e4564cdb379d0010e4564cdb379d
2026-02-10 08:58:07.576,jumphost-01,secops,1,git,"git",explorer.exe,,,SHA256=00153cf3a7c9698600153cf3a7c9698600153cf3a7c9698600153cf3a7c96986
2026-02-10 09:03:42.809,hr-ws11,svc-export,1,git,"git",explorer.exe,,,SHA256=001bd803ad316a53001bd803ad316a53001bd803ad316a53001bd803ad316a53
2026-02-10 09:12:42.493,db-analytics-01,svc-backup,1,chrome.exe,"chrome.exe",launchd,,,SHA256=0014454862e06e7f0014454862e06e7f0014454862e06e7f0014454862e06e7f
2026-02-10 09:22:55.045,sec-admin01,dcho,1,powershell.exe,"powershell.exe",explorer.exe,,,SHA256=0002d0872c04cb9b0002d0872c04cb9b0002d0872c04cb9b0002d0872c04cb9b
2026-02-10 09:30:07.491,sec-admin01,secops,1,node,"node",cmd.exe,,,SHA256=0004060bef825d6f0004060bef825d6f0004060bef825d6f0004060bef825d6f
2026-02-10 09:39:34.983,filesrv02,svc-export,1,node,"node",launchd,,,SHA256=000515ced424957f000515ced424957f000515ced424957f000515ced424957f
2026-02-10 09:42:07.553,filesrv02,mreyes,1,powershell.exe,"powershell.exe",systemd,,,SHA256=000a5ebda61d64a2000a5ebda61d64a2000a5ebda61d64a2000a5ebda61d64a2
2026-02-10 09:49:27.087,filesrv02,secops,1,git,"git",systemd,,,SHA256=0011448f664c2ab10011448f664c2ab10011448f664c2ab10011448f664c2ab1
2026-02-10 09:54:05.900,db-analytics-01,npatel,1,slack.exe,"slack.exe",explorer.exe,,,SHA256=000a3e53d937a279000a3e53d937a279000a3e53d937a279000a3e53d937a279
2026-02-10 10:02:25.520,sec-admin01,dcho,1,python3,"python3",launchd,,,SHA256=001708f999516876001708f999516876001708f999516876001708f999516876
2026-02-10 10:05:41.089,db-analytics-01,dcho,1,python3,"python3",explorer.exe,,,SHA256=00103ce23363d0fb00103ce23363d0fb00103ce23363d0fb00103ce23363d0fb
2026-02-10 10:10:17.730,sec-admin01,dcho,1,outlook.exe,"outlook.exe",systemd,,,SHA256=000f54ef2b9156d7000f54ef2b9156d7000f54ef2b9156d7000f54ef2b9156d7
2026-02-10 10:16:28.555,jumphost-01,svc-build,1,slack.exe,"slack.exe",systemd,,,SHA256=0001f31e16618d9a0001f31e16618d9a0001f31e16618d9a0001f31e16618d9a
2026-02-10 10:27:21.752,sec-admin01,svc-backup,1,slack.exe,"slack.exe",cmd.exe,,,SHA256=0003c9f0025a43040003c9f0025a43040003c9f0025a43040003c9f0025a4304
2026-02-10 10:37:02.183,filesrv02,svc-export,1,chrome.exe,"chrome.exe",explorer.exe,,,SHA256=000b33e43c08e944000b33e43c08e944000b33e43c08e944000b33e43c08e944
2026-02-10 10:44:00.632,sec-admin01,dcho,1,sshd,"sshd",cmd.exe,,,SHA256=001fe2cf5080900b001fe2cf5080900b001fe2cf5080900b001fe2cf5080900b
2026-02-10 10:53:44.622,db-analytics-01,svc-backup,1,sshd,"sshd",explorer.exe,,,SHA256=001c0dd76b3a2cad001c0dd76b3a2cad001c0dd76b3a2cad001c0dd76b3a2cad
2026-02-10 11:03:45.501,hr-ws11,mreyes,1,python3,"python3",systemd,,,SHA256=000a214ebab5c9b9000a214ebab5c9b9000a214ebab5c9b9000a214ebab5c9b9
2026-02-10 11:06:38.185,hr-ws11,svc-export,1,slack.exe,"slack.exe",launchd,,,SHA256=00047cb4b951fcd900047cb4b951fcd900047cb4b951fcd900047cb4b951fcd9
2026-02-10 11:12:16.939,finance-lt23,dcho,1,node,"node",launchd,,,SHA256=00210c348641c5d000210c348641c5d000210c348641c5d000210c348641c5d0
2026-02-10 11:20:41.278,db-analytics-01,svc-export,1,sshd,"sshd",explorer.exe,,,SHA256=001940592f864bee001940592f864bee001940592f864bee001940592f864bee
2026-02-10 11:30:22.406,filesrv02,svc-backup,1,slack.exe,"slack.exe",explorer.exe,,,SHA256=000942efc779df68000942efc779df68000942efc779df68000942efc779df68
2026-02-10 11:41:38.462,jumphost-01,svc-export,1,git,"git",systemd,,,SHA256=001dc20a4b70c23a001dc20a4b70c23a001dc20a4b70c23a001dc20a4b70c23a
2026-02-10 11:44:45.638,filesrv02,mreyes,1,powershell.exe,"powershell.exe",launchd,,,SHA256=0000c1c98f8a98a80000c1c98f8a98a80000c1c98f8a98a80000c1c98f8a98a8
2026-02-10 11:50:45.349,hr-ws11,svc-build,1,git,"git",launchd,,,SHA256=000bf615c3a58b82000bf615c3a58b82000bf615c3a58b82000bf615c3a58b82
2026-02-10 11:58:12.034,sec-admin01,svc-backup,1,chrome.exe,"chrome.exe",systemd,,,SHA256=000bca57f78d2ea8000bca57f78d2ea8000bca57f78d2ea8000bca57f78d2ea8
2026-02-10 12:07:32.669,jumphost-01,npatel,1,node,"node",launchd,,,SHA256=001d50fbf038b48c001d50fbf038b48c001d50fbf038b48c001d50fbf038b48c
2026-02-10 12:10:12.179,jumphost-01,dcho,1,outlook.exe,"outlook.exe",explorer.exe,,,SHA256=0001d19f64cbeb9f0001d19f64cbeb9f0001d19f64cbeb9f0001d19f64cbeb9f
2026-02-10 12:20:46.975,sec-admin01,svc-backup,1,slack.exe,"slack.exe",explorer.exe,,,SHA256=00004620ae9684ed00004620ae9684ed00004620ae9684ed00004620ae9684ed
2026-02-10 12:25:13.777,db-analytics-01,secops,1,powershell.exe,"powershell.exe",cmd.exe,,,SHA256=0011895e142f43540011895e142f43540011895e142f43540011895e142f4354
2026-02-10 12:35:48.562,filesrv02,npatel,1,powershell.exe,"powershell.exe",explorer.exe,,,SHA256=0018b99e5ed881170018b99e5ed881170018b99e5ed881170018b99e5ed88117
2026-02-10 12:43:10.393,jumphost-01,secops,1,outlook.exe,"outlook.exe",systemd,,,SHA256=001c3d34a8f505c3001c3d34a8f505c3001c3d34a8f505c3001c3d34a8f505c3
2026-02-10 12:49:20.317,finance-lt23,mreyes,1,sshd,"sshd",cmd.exe,,,SHA256=0010b27d323a009c0010b27d323a009c0010b27d323a009c0010b27d323a009c
2026-02-10 12:56:23.528,sec-admin01,svc-build,1,outlook.exe,"outlook.exe",explorer.exe,,,SHA256=0010d9ace01e340d0010d9ace01e340d0010d9ace01e340d0010d9ace01e340d
2026-02-10 12:59:44.336,filesrv02,mreyes,1,node,"node",launchd,,,SHA256=0005707d0c8784c70005707d0c8784c70005707d0c8784c70005707d0c8784c7
2026-02-10 13:10:32.675,filesrv02,dcho,1,slack.exe,"slack.exe",explorer.exe,,,SHA256=00232e21abd843a200232e21abd843a200232e21abd843a200232e21abd843a2
2026-02-10 13:20:56.273,sec-admin01,npatel,1,sshd,"sshd",systemd,,,SHA256=00128b04b74f3b5c00128b04b74f3b5c00128b04b74f3b5c00128b04b74f3b5c
2026-02-10 13:31:56.131,jumphost-01,svc-build,1,python3,"python3",systemd,,,SHA256=000bea2d7598dbb4000bea2d7598dbb4000bea2d7598dbb4000bea2d7598dbb4
2026-02-10 13:40:50.491,filesrv02,dcho,1,git,"git",launchd,,,SHA256=0020d230f6b559ac0020d230f6b559ac0020d230f6b559ac0020d230f6b559ac
2026-02-10 13:47:03.458,finance-lt23,mreyes,1,powershell.exe,"powershell.exe",systemd,,,SHA256=00226d9f3b2d58d600226d9f3b2d58d600226d9f3b2d58d600226d9f3b2d58d6
2026-02-10 13:58:22.249,jumphost-01,mreyes,1,chrome.exe,"chrome.exe",explorer.exe,,,SHA256=0019b26afef23bdf0019b26afef23bdf0019b26afef23bdf0019b26afef23bdf
2026-02-10 14:02:28.624,finance-lt23,dcho,1,python3,"python3",launchd,,,SHA256=00168167937ca2f200168167937ca2f200168167937ca2f200168167937ca2f2
2026-02-10 14:11:56.239,finance-lt23,secops,1,git,"git",cmd.exe,,,SHA256=001aa0e0a66c747d001aa0e0a66c747d001aa0e0a66c747d001aa0e0a66c747d
2026-02-10 14:17:10.967,sec-admin01,dcho,1,python3,"python3",cmd.exe,,,SHA256=001e3539a3ab2174001e3539a3ab2174001e3539a3ab2174001e3539a3ab2174
2026-02-10 14:25:23.949,jumphost-01,npatel,1,node,"node",explorer.exe,,,SHA256=0005eb106ccf383c0005eb106ccf383c0005eb106ccf383c0005eb106ccf383c
2026-02-10 14:30:59.256,filesrv02,mreyes,1,chrome.exe,"chrome.exe",explorer.exe,,,SHA256=000526f2f9fcd9b2000526f2f9fcd9b2000526f2f9fcd9b2000526f2f9fcd9b2
2026-02-10 14:38:15.432,sec-admin01,npatel,1,powershell.exe,"powershell.exe",explorer.exe,,,SHA256=000f947f077dd20f000f947f077dd20f000f947f077dd20f000f947f077dd20f
2026-02-10 14:41:32.252,finance-lt23,svc-backup,1,powershell.exe,"powershell.exe",systemd,,,SHA256=000a825e80bf039c000a825e80bf039c000a825e80bf039c000a825e80bf039c
2026-02-10 14:45:04.193,finance-lt23,secops,1,slack.exe,"slack.exe",cmd.exe,,,SHA256=000b0ce486990b6d000b0ce486990b6d000b0ce486990b6d000b0ce486990b6d
2026-02-10 14:51:57.284,filesrv02,dcho,1,chrome.exe,"chrome.exe",cmd.exe,,,SHA256=0005727fc4bca0a40005727fc4bca0a40005727fc4bca0a40005727fc4bca0a4
2026-02-10 14:59:47.028,jumphost-01,svc-backup,1,powershell.exe,"powershell.exe",explorer.exe,,,SHA256=0022de01091eb4e00022de01091eb4e00022de01091eb4e00022de01091eb4e0
2026-02-10 15:08:06.502,sec-admin01,svc-backup,1,sshd,"sshd",launchd,,,SHA256=001d73b7caa2e0ee001d73b7caa2e0ee001d73b7caa2e0ee001d73b7caa2e0ee
2026-02-10 15:16:53.779,filesrv02,npatel,1,slack.exe,"slack.exe",cmd.exe,,,SHA256=001f3c241c73bad1001f3c241c73bad1001f3c241c73bad1001f3c241c73bad1
2026-02-10 15:19:58.559,db-analytics-01,svc-backup,1,python3,"python3",launchd,,,SHA256=000a984135fc62ba000a984135fc62ba000a984135fc62ba000a984135fc62ba
2026-02-10 15:28:05.087,finance-lt23,mreyes,1,python3,"python3",explorer.exe,,,SHA256=0019e302658272910019e302658272910019e302658272910019e30265827291
2026-02-10 15:35:31.645,db-analytics-01,npatel,1,node,"node",launchd,,,SHA256=00196adbc547981100196adbc547981100196adbc547981100196adbc5479811
2026-02-10 15:46:09.362,finance-lt23,svc-build,1,git,"git",cmd.exe,,,SHA256=001cfb42c7200baa001cfb42c7200baa001cfb42c7200baa001cfb42c7200baa
2026-02-10 15:53:01.882,db-analytics-01,mreyes,1,chrome.exe,"chrome.exe",cmd.exe,,,SHA256=00231aef7f29deae00231aef7f29deae00231aef7f29deae00231aef7f29deae
2026-02-10 16:00:53.294,filesrv02,svc-export,1,node,"node",launchd,,,SHA256=0016696d0e7851660016696d0e7851660016696d0e7851660016696d0e785166
2026-02-10 16:06:39.224,finance-lt23,svc-backup,1,slack.exe,"slack.exe",launchd,,,SHA256=000e6f5daba6162c000e6f5daba6162c000e6f5daba6162c000e6f5daba6162c
2026-02-10 16:11:33.376,finance-lt23,svc-export,1,node,"node",cmd.exe,,,SHA256=000afc35fce4289e000afc35fce4289e000afc35fce4289e000afc35fce4289e
2026-02-10 16:20:41.154,sec-admin01,svc-backup,1,outlook.exe,"outlook.exe",launchd,,,SHA256=000d500349c6c077000d500349c6c077000d500349c6c077000d500349c6c077
2026-02-10 16:28:39.021,hr-ws11,dcho,1,slack.exe,"slack.exe",explorer.exe,,,SHA256=00133d09d33c75c600133d09d33c75c600133d09d33c75c600133d09d33c75c6
2026-02-10 16:31:42.556,db-analytics-01,svc-build,1,sshd,"sshd",systemd,,,SHA256=001356333be4f86f001356333be4f86f001356333be4f86f001356333be4f86f
2026-02-10 16:40:30.981,filesrv02,svc-export,1,slack.exe,"slack.exe",launchd,,,SHA256=001f1c4a6dee5738001f1c4a6dee5738001f1c4a6dee5738001f1c4a6dee5738
2026-02-10 16:43:28.299,sec-admin01,svc-backup,1,git,"git",cmd.exe,,,SHA256=001f9e5f8cf4cad8001f9e5f8cf4cad8001f9e5f8cf4cad8001f9e5f8cf4cad8
2026-02-10 16:48:21.913,filesrv02,svc-build,1,chrome.exe,"chrome.exe",explorer.exe,,,SHA256=0014b03c5c09dfbf0014b03c5c09dfbf0014b03c5c09dfbf0014b03c5c09dfbf
2026-02-10 16:55:13.174,sec-admin01,secops,1,slack.exe,"slack.exe",systemd,,,SHA256=0012e502a25abd890012e502a25abd890012e502a25abd890012e502a25abd89
2026-02-10 17:01:19.041,finance-lt23,svc-build,1,node,"node",systemd,,,SHA256=0011f5ac58eebd650011f5ac58eebd650011f5ac58eebd650011f5ac58eebd65
2026-02-10 17:09:41.967,jumphost-01,svc-build,1,slack.exe,"slack.exe",cmd.exe,,,SHA256=000c49bcc5ce90d3000c49bcc5ce90d3000c49bcc5ce90d3000c49bcc5ce90d3
2026-02-10 17:17:52.010,hr-ws11,svc-build,1,chrome.exe,"chrome.exe",cmd.exe,,,SHA256=001447496d267880001447496d267880001447496d267880001447496d267880
2026-02-10 17:28:00.548,sec-admin01,npatel,1,python3,"python3",explorer.exe,,,SHA256=0017863012af87310017863012af87310017863012af87310017863012af8731
2026-02-10 17:33:22.136,db-analytics-01,npatel,1,sshd,"sshd",systemd,,,SHA256=001efcbc43b936fa001efcbc43b936fa001efcbc43b936fa001efcbc43b936fa
2026-02-10 17:40:57.024,hr-ws11,mreyes,1,git,"git",systemd,,,SHA256=00153015fa6dbf3000153015fa6dbf3000153015fa6dbf3000153015fa6dbf30
2026-02-10 17:49:52.395,sec-admin01,secops,1,slack.exe,"slack.exe",cmd.exe,,,SHA256=001222fec0ac2fdf001222fec0ac2fdf001222fec0ac2fdf001222fec0ac2fdf
2026-02-10 17:55:30.084,finance-lt23,mreyes,1,chrome.exe,"chrome.exe",cmd.exe,,,SHA256=001cdd0a00d76ba0001cdd0a00d76ba0001cdd0a00d76ba0001cdd0a00d76ba0
2026-02-10 17:59:50.602,finance-lt23,svc-build,1,sshd,"sshd",explorer.exe,,,SHA256=00157490be553b2b00157490be553b2b00157490be553b2b00157490be553b2b
2026-02-10 18:06:29.819,finance-lt23,secops,1,slack.exe,"slack.exe",cmd.exe,,,SHA256=001b13d71fbdf5fa001b13d71fbdf5fa001b13d71fbdf5fa001b13d71fbdf5fa
2026-02-10 18:14:01.379,jumphost-01,secops,1,powershell.exe,"powershell.exe",launchd,,,SHA256=00051cd7978d29d200051cd7978d29d200051cd7978d29d200051cd7978d29d2
2026-02-10 18:23:34.414,sec-admin01,npatel,1,node,"node",cmd.exe,,,SHA256=0018dcd028aa57130018dcd028aa57130018dcd028aa57130018dcd028aa5713
2026-02-10 18:27:55.607,filesrv02,dcho,1,powershell.exe,"powershell.exe",explorer.exe,,,SHA256=0015ef448a15d2130015ef448a15d2130015ef448a15d2130015ef448a15d213
2026-02-10 18:35:54.235,jumphost-01,svc-export,1,powershell.exe,"powershell.exe",explorer.exe,,,SHA256=0000a079cbf532000000a079cbf532000000a079cbf532000000a079cbf53200
2026-02-10 18:46:09.215,finance-lt23,npatel,1,git,"git",cmd.exe,,,SHA256=001429755115fbf9001429755115fbf9001429755115fbf9001429755115fbf9
2026-02-10 18:51:12.959,db-analytics-01,svc-export,1,powershell.exe,"powershell.exe",launchd,,,SHA256=0018dba2f4587d4c0018dba2f4587d4c0018dba2f4587d4c0018dba2f4587d4c
2026-02-10 18:53:56.254,finance-lt23,svc-build,1,python3,"python3",cmd.exe,,,SHA256=0012482df9e49a310012482df9e49a310012482df9e49a310012482df9e49a31
2026-02-10 19:04:03.521,db-analytics-01,npatel,1,git,"git",launchd,,,SHA256=00216b0a47e8c65600216b0a47e8c65600216b0a47e8c65600216b0a47e8c656
2026-02-10 19:08:04.345,db-analytics-01,svc-backup,1,powershell.exe,"powershell.exe",launchd,,,SHA256=002050cafaa6fb10002050cafaa6fb10002050cafaa6fb10002050cafaa6fb10
2026-02-10 19:11:14.776,db-analytics-01,npatel,1,chrome.exe,"chrome.exe",explorer.exe,,,SHA256=00080c83f2785b0f00080c83f2785b0f00080c83f2785b0f00080c83f2785b0f
2026-02-10 19:19:33.718,db-analytics-01,mreyes,1,sshd,"sshd",launchd,,,SHA256=00017941a84ddde600017941a84ddde600017941a84ddde600017941a84ddde6
2026-02-10 19:27:52.902,hr-ws11,svc-backup,1,chrome.exe,"chrome.exe",cmd.exe,,,SHA256=000f14455271e5d4000f14455271e5d4000f14455271e5d4000f14455271e5d4
2026-02-10 19:36:04.171,jumphost-01,secops,1,chrome.exe,"chrome.exe",launchd,,,SHA256=00028174352e987f00028174352e987f00028174352e987f00028174352e987f
2026-02-10 19:41:19.686,filesrv02,svc-build,1,outlook.exe,"outlook.exe",launchd,,,SHA256=0018110869f547a70018110869f547a70018110869f547a70018110869f547a7
2026-02-10 19:49:27.412,sec-admin01,svc-build,1,git,"git",explorer.exe,,,SHA256=0015a8e45488b8fa0015a8e45488b8fa0015a8e45488b8fa0015a8e45488b8fa
2026-02-10 19:53:57.975,jumphost-01,svc-build,1,chrome.exe,"chrome.exe",explorer.exe,,,SHA256=00056a9c8e01bc9400056a9c8e01bc9400056a9c8e01bc9400056a9c8e01bc94
2026-02-10 19:59:25.369,filesrv02,npatel,1,outlook.exe,"outlook.exe",cmd.exe,,,SHA256=0012aa602121cfce0012aa602121cfce0012aa602121cfce0012aa602121cfce
2026-02-10 20:10:32.682,sec-admin01,svc-build,1,outlook.exe,"outlook.exe",explorer.exe,,,SHA256=00214f60ced2966000214f60ced2966000214f60ced2966000214f60ced29660
2026-02-10 20:21:28.184,filesrv02,dcho,1,node,"node",systemd,,,SHA256=001f467d47f54e17001f467d47f54e17001f467d47f54e17001f467d47f54e17
2026-02-10 20:30:23.880,db-analytics-01,mreyes,1,powershell.exe,"powershell.exe",cmd.exe,,,SHA256=00169209e141197600169209e141197600169209e141197600169209e1411976
2026-02-10 20:34:08.721,hr-ws11,svc-build,1,node,"node",cmd.exe,,,SHA256=0006b98e3464a4260006b98e3464a4260006b98e3464a4260006b98e3464a426
2026-02-10 20:43:46.621,db-analytics-01,svc-export,1,slack.exe,"slack.exe",explorer.exe,,,SHA256=000ff4e9a412480d000ff4e9a412480d000ff4e9a412480d000ff4e9a412480d
2026-02-10 20:49:43.549,jumphost-01,svc-export,1,outlook.exe,"outlook.exe",systemd,,,SHA256=000e970b609f0c4b000e970b609f0c4b000e970b609f0c4b000e970b609f0c4b
2026-02-10 20:56:00.261,db-analytics-01,svc-backup,1,outlook.exe,"outlook.exe",explorer.exe,,,SHA256=001cca876551a79d001cca876551a79d001cca876551a79d001cca876551a79d
2026-02-10 21:00:13.492,db-analytics-01,svc-backup,1,chrome.exe,"chrome.exe",launchd,,,SHA256=000c4261333eaddb000c4261333eaddb000c4261333eaddb000c4261333eaddb
2026-02-10 21:06:08.194,db-analytics-01,svc-build,1,chrome.exe,"chrome.exe",launchd,,,SHA256=001de6bfdcf64c83001de6bfdcf64c83001de6bfdcf64c83001de6bfdcf64c83
2026-02-10 21:13:49.949,finance-lt23,secops,1,node,"node",explorer.exe,,,SHA256=000ce551f3780488000ce551f3780488000ce551f3780488000ce551f3780488
2026-02-10 21:17:17.001,hr-ws11,dcho,1,node,"node",cmd.exe,,,SHA256=00074054926db7f000074054926db7f000074054926db7f000074054926db7f0
2026-02-10 21:27:36.327,sec-admin01,mreyes,1,python3,"python3",explorer.exe,,,SHA256=00168211a37eb7e100168211a37eb7e100168211a37eb7e100168211a37eb7e1
2026-02-10 21:31:42.182,filesrv02,mreyes,1,node,"node",cmd.exe,,,SHA256=000476aa1f165419000476aa1f165419000476aa1f165419000476aa1f165419
2026-02-10 21:38:27.042,jumphost-01,mreyes,1,chrome.exe,"chrome.exe",launchd,,,SHA256=0009ceab168c4f250009ceab168c4f250009ceab168c4f250009ceab168c4f25
2026-02-10 21:44:15.736,sec-admin01,npatel,1,node,"node",explorer.exe,,,SHA256=001751315ba39a9d001751315ba39a9d001751315ba39a9d001751315ba39a9d
2026-02-10 21:50:09.682,db-analytics-01,secops,1,python3,"python3",explorer.exe,,,SHA256=0003c63e05206d4e0003c63e05206d4e0003c63e05206d4e0003c63e05206d4e
2026-02-10 21:58:48.984,jumphost-01,secops,1,powershell.exe,"powershell.exe",cmd.exe,,,SHA256=000fee3a101f3130000fee3a101f3130000fee3a101f3130000fee3a101f3130
2026-02-10 22:05:29.030,jumphost-01,secops,1,git,"git",launchd,,,SHA256=001ff1f7b0b7815c001ff1f7b0b7815c001ff1f7b0b7815c001ff1f7b0b7815c
2026-02-10 22:08:32.164,db-analytics-01,svc-export,1,powershell.exe,"powershell.exe",launchd,,,SHA256=001595ee2b658890001595ee2b658890001595ee2b658890001595ee2b658890
2026-02-10 22:18:54.796,hr-ws11,mreyes,1,node,"node",cmd.exe,,,SHA256=000c19cf117016e1000c19cf117016e1000c19cf117016e1000c19cf117016e1
2026-02-10 22:27:10.442,finance-lt23,svc-export,1,python3,"python3",cmd.exe,,,SHA256=000ea6af065ec9a7000ea6af065ec9a7000ea6af065ec9a7000ea6af065ec9a7
2026-02-10 22:30:08.011,db-analytics-01,dcho,1,powershell.exe,"powershell.exe",explorer.exe,,,SHA256=0003265da20f32cc0003265da20f32cc0003265da20f32cc0003265da20f32cc
2026-02-10 22:39:44.119,sec-admin01,mreyes,1,slack.exe,"slack.exe",launchd,,,SHA256=0021b44f0c411cfe0021b44f0c411cfe0021b44f0c411cfe0021b44f0c411cfe
2026-02-10 22:43:44.176,jumphost-01,dcho,1,outlook.exe,"outlook.exe",explorer.exe,,,SHA256=0015f2b7a32268790015f2b7a32268790015f2b7a32268790015f2b7a3226879
2026-02-10 22:48:58.928,db-analytics-01,svc-build,1,git,"git",launchd,,,SHA256=0021f710c4f998640021f710c4f998640021f710c4f998640021f710c4f99864
2026-02-10 22:52:04.366,db-analytics-01,svc-build,1,slack.exe,"slack.exe",launchd,,,SHA256=001b3dd2505592f7001b3dd2505592f7001b3dd2505592f7001b3dd2505592f7
2026-02-10 22:58:40.438,filesrv02,secops,1,sshd,"sshd",systemd,,,SHA256=000f606c63285ede000f606c63285ede000f606c63285ede000f606c63285ede
2026-02-10 23:09:48.633,hr-ws11,dcho,1,git,"git",launchd,,,SHA256=0005c8c4d3af5e9a0005c8c4d3af5e9a0005c8c4d3af5e9a0005c8c4d3af5e9a
2026-02-10 23:19:24.729,db-analytics-01,svc-build,1,python3,"python3",launchd,,,SHA256=001c51c7c9b1bed0001c51c7c9b1bed0001c51c7c9b1bed0001c51c7c9b1bed0
2026-02-10 23:25:59.172,filesrv02,svc-build,1,node,"node",launchd,,,SHA256=002183087ed60ec2002183087ed60ec2002183087ed60ec2002183087ed60ec2
2026-02-10 23:36:25.598,db-analytics-01,npatel,1,slack.exe,"slack.exe",launchd,,,SHA256=00171881f6605a6c00171881f6605a6c00171881f6605a6c00171881f6605a6c
2026-02-10 23:45:03.828,db-analytics-01,npatel,1,python3,"python3",launchd,,,SHA256=000fe4dd3fa92bed000fe4dd3fa92bed000fe4dd3fa92bed000fe4dd3fa92bed
2026-02-10 23:51:36.700,sec-admin01,mreyes,1,slack.exe,"slack.exe",systemd,,,SHA256=000f95b17792a659000f95b17792a659000f95b17792a659000f95b17792a659
2026-02-10 23:59:43.656,sec-admin01,secops,1,chrome.exe,"chrome.exe",cmd.exe,,,SHA256=001c65e6b90f05fb001c65e6b90f05fb001c65e6b90f05fb001c65e6b90f05fb
2026-02-11 00:06:35.147,hr-ws11,npatel,1,powershell.exe,"powershell.exe",cmd.exe,,,SHA256=0014103b86014aa60014103b86014aa60014103b86014aa60014103b86014aa6
2026-02-11 00:16:51.374,filesrv02,mreyes,1,python3,"python3",explorer.exe,,,SHA256=0013b80e63c836bf0013b80e63c836bf0013b80e63c836bf0013b80e63c836bf
2026-02-11 00:22:31.211,hr-ws11,svc-backup,1,outlook.exe,"outlook.exe",launchd,,,SHA256=001a316e01f331f0001a316e01f331f0001a316e01f331f0001a316e01f331f0
2026-02-11 00:28:20.670,hr-ws11,secops,1,sshd,"sshd",systemd,,,SHA256=001da1e6f68e90cc001da1e6f68e90cc001da1e6f68e90cc001da1e6f68e90cc
2026-02-11 00:30:56.909,finance-lt23,svc-backup,1,chrome.exe,"chrome.exe",explorer.exe,,,SHA256=0015d66fb11c52d10015d66fb11c52d10015d66fb11c52d10015d66fb11c52d1
2026-02-11 00:34:09.446,db-analytics-01,secops,1,python3,"python3",cmd.exe,,,SHA256=0015a29c9efb267f0015a29c9efb267f0015a29c9efb267f0015a29c9efb267f
2026-02-11 00:43:44.364,db-analytics-01,svc-export,1,outlook.exe,"outlook.exe",systemd,,,SHA256=000134b1d6d27f8a000134b1d6d27f8a000134b1d6d27f8a000134b1d6d27f8a
2026-02-11 00:49:13.205,hr-ws11,svc-build,1,chrome.exe,"chrome.exe",systemd,,,SHA256=00029ce565cb554a00029ce565cb554a00029ce565cb554a00029ce565cb554a
2026-02-11 00:54:52.968,filesrv02,npatel,1,python3,"python3",launchd,,,SHA256=000d46222b76c7f3000d46222b76c7f3000d46222b76c7f3000d46222b76c7f3
2026-02-11 01:01:27.936,finance-lt23,npatel,1,git,"git",launchd,,,SHA256=000950c62cae0143000950c62cae0143000950c62cae0143000950c62cae0143
2026-02-11 01:11:42.496,jumphost-01,svc-export,1,slack.exe,"slack.exe",explorer.exe,,,SHA256=001e1c0555da39a2001e1c0555da39a2001e1c0555da39a2001e1c0555da39a2
2026-02-11 01:14:34.930,sec-admin01,npatel,1,node,"node",explorer.exe,,,SHA256=000c280cfc7f6cec000c280cfc7f6cec000c280cfc7f6cec000c280cfc7f6cec
2026-02-11 01:20:37.440,db-analytics-01,svc-export,1,sshd,"sshd",cmd.exe,,,SHA256=001b8f3811260a59001b8f3811260a59001b8f3811260a59001b8f3811260a59
2026-02-11 01:29:43.138,jumphost-01,npatel,1,python3,"python3",launchd,,,SHA256=0008e4cc955059420008e4cc955059420008e4cc955059420008e4cc95505942
2026-02-11 01:33:25.967,db-analytics-01,npatel,1,python3,"python3",cmd.exe,,,SHA256=0004a2537a6c78b30004a2537a6c78b30004a2537a6c78b30004a2537a6c78b3
2026-02-11 01:40:37.767,finance-lt23,svc-export,1,node,"node",explorer.exe,,,SHA256=001533bad1755a0a001533bad1755a0a001533bad1755a0a001533bad1755a0a
2026-02-11 01:51:45.021,hr-ws11,svc-build,1,chrome.exe,"chrome.exe",cmd.exe,,,SHA256=00201165fa81ef1200201165fa81ef1200201165fa81ef1200201165fa81ef12
2026-02-11 02:02:26.957,finance-lt23,svc-backup,1,python3,"python3",explorer.exe,,,SHA256=00003da386d38a5900003da386d38a5900003da386d38a5900003da386d38a59
2026-02-11 02:08:01.221,filesrv02,secops,1,git,"git",cmd.exe,,,SHA256=000319519fa234c0000319519fa234c0000319519fa234c0000319519fa234c0
2026-02-11 02:14:31.496,db-analytics-01,svc-export,1,slack.exe,"slack.exe",launchd,,,SHA256=000b7a568b1a0d64000b7a568b1a0d64000b7a568b1a0d64000b7a568b1a0d64
2026-02-11 02:24:05.320,hr-ws11,svc-export,1,outlook.exe,"outlook.exe",cmd.exe,,,SHA256=000bd5c29db8b96f000bd5c29db8b96f000bd5c29db8b96f000bd5c29db8b96f
2026-02-11 02:30:25.660,hr-ws11,secops,1,slack.exe,"slack.exe",systemd,,,SHA256=000c18cb02ea0788000c18cb02ea0788000c18cb02ea0788000c18cb02ea0788
2026-02-11 02:34:16.137,jumphost-01,mreyes,1,git,"git",explorer.exe,,,SHA256=0013b9d157d346cf0013b9d157d346cf0013b9d157d346cf0013b9d157d346cf
2026-02-11 02:44:30.391,filesrv02,dcho,1,outlook.exe,"outlook.exe",explorer.exe,,,SHA256=002355b51588fb9c002355b51588fb9c002355b51588fb9c002355b51588fb9c
2026-02-11 02:52:17.970,jumphost-01,secops,1,chrome.exe,"chrome.exe",explorer.exe,,,SHA256=0001f65cefbda4890001f65cefbda4890001f65cefbda4890001f65cefbda489
2026-02-11 03:03:03.146,jumphost-01,secops,1,outlook.exe,"outlook.exe",explorer.exe,,,SHA256=000642ea15bcb874000642ea15bcb874000642ea15bcb874000642ea15bcb874
2026-02-11 03:05:33.653,finance-lt23,svc-backup,1,sshd,"sshd",explorer.exe,,,SHA256=0021ae8090c3fa680021ae8090c3fa680021ae8090c3fa680021ae8090c3fa68
2026-02-11 03:12:21.883,sec-admin01,npatel,1,chrome.exe,"chrome.exe",systemd,,,SHA256=00151c49714d42b800151c49714d42b800151c49714d42b800151c49714d42b8
2026-02-11 03:16:23.520,filesrv02,svc-backup,1,slack.exe,"slack.exe",launchd,,,SHA256=00216ce354d0fcbe00216ce354d0fcbe00216ce354d0fcbe00216ce354d0fcbe
2026-02-11 03:23:43.759,sec-admin01,secops,1,python3,"python3",launchd,,,SHA256=000cb179c1e366e5000cb179c1e366e5000cb179c1e366e5000cb179c1e366e5
2026-02-11 03:26:18.677,finance-lt23,mreyes,1,sshd,"sshd",launchd,,,SHA256=001b0cad372d2f18001b0cad372d2f18001b0cad372d2f18001b0cad372d2f18
2026-02-11 03:33:32.263,finance-lt23,npatel,1,chrome.exe,"chrome.exe",launchd,,,SHA256=00070a21e62adfa200070a21e62adfa200070a21e62adfa200070a21e62adfa2
2026-02-11 03:41:25.110,db-analytics-01,svc-backup,1,outlook.exe,"outlook.exe",cmd.exe,,,SHA256=001bcf4e5062c928001bcf4e5062c928001bcf4e5062c928001bcf4e5062c928
2026-02-11 03:51:29.619,finance-lt23,mreyes,1,outlook.exe,"outlook.exe",cmd.exe,,,SHA256=0012243e05123c480012243e05123c480012243e05123c480012243e05123c48
2026-02-11 04:02:13.274,sec-admin01,svc-export,1,slack.exe,"slack.exe",systemd,,,SHA256=0016c8f1392109f10016c8f1392109f10016c8f1392109f10016c8f1392109f1
2026-02-11 04:06:04.408,sec-admin01,mreyes,1,sshd,"sshd",systemd,,,SHA256=00161cdbff59f3aa00161cdbff59f3aa00161cdbff59f3aa00161cdbff59f3aa
2026-02-11 04:12:35.932,db-analytics-01,svc-build,1,git,"git",launchd,,,SHA256=001fc6f9819b052f001fc6f9819b052f001fc6f9819b052f001fc6f9819b052f
2026-02-11 04:17:07.506,filesrv02,secops,1,sshd,"sshd",launchd,,,SHA256=0022a1ea32884f2c0022a1ea32884f2c0022a1ea32884f2c0022a1ea32884f2c
2026-02-11 04:20:35.148,filesrv02,svc-backup,1,python3,"python3",cmd.exe,,,SHA256=00008bfd2848370800008bfd2848370800008bfd2848370800008bfd28483708
2026-02-11 04:26:42.547,sec-admin01,mreyes,1,powershell.exe,"powershell.exe",explorer.exe,,,SHA256=0004aefa1e7f1a010004aefa1e7f1a010004aefa1e7f1a010004aefa1e7f1a01
2026-02-11 04:30:07.462,jumphost-01,svc-build,1,node,"node",launchd,,,SHA256=0009a95551f169f80009a95551f169f80009a95551f169f80009a95551f169f8
2026-02-11 04:41:00.248,sec-admin01,svc-build,1,chrome.exe,"chrome.exe",cmd.exe,,,SHA256=001c116ab57640c6001c116ab57640c6001c116ab57640c6001c116ab57640c6
2026-02-11 04:49:54.382,hr-ws11,secops,1,powershell.exe,"powershell.exe",launchd,,,SHA256=000a260769c0baf8000a260769c0baf8000a260769c0baf8000a260769c0baf8
2026-02-11 04:59:19.047,filesrv02,npatel,1,outlook.exe,"outlook.exe",cmd.exe,,,SHA256=0007833bb3a7cd3e0007833bb3a7cd3e0007833bb3a7cd3e0007833bb3a7cd3e
2026-02-11 05:02:53.480,hr-ws11,svc-backup,1,chrome.exe,"chrome.exe",cmd.exe,,,SHA256=000b51f9602bc7ef000b51f9602bc7ef000b51f9602bc7ef000b51f9602bc7ef
2026-02-11 05:10:57.659,finance-lt23,mreyes,1,sshd,"sshd",cmd.exe,,,SHA256=001aae5a2925ea6e001aae5a2925ea6e001aae5a2925ea6e001aae5a2925ea6e
2026-02-11 05:20:03.481,jumphost-01,svc-export,1,sshd,"sshd",launchd,,,SHA256=0014c69046d1545d0014c69046d1545d0014c69046d1545d0014c69046d1545d
2026-02-11 05:24:58.239,sec-admin01,svc-export,1,git,"git",cmd.exe,,,SHA256=000e3bf9cef7dcdc000e3bf9cef7dcdc000e3bf9cef7dcdc000e3bf9cef7dcdc
2026-02-11 05:33:24.872,jumphost-01,svc-backup,1,git,"git",systemd,,,SHA256=0004b326ecaef0440004b326ecaef0440004b326ecaef0440004b326ecaef044
2026-02-11 05:40:22.004,sec-admin01,mreyes,1,outlook.exe,"outlook.exe",explorer.exe,,,SHA256=00128c36f9981b2200128c36f9981b2200128c36f9981b2200128c36f9981b22
2026-02-11 05:45:15.682,db-analytics-01,svc-backup,1,node,"node",explorer.exe,,,SHA256=000359bcfaff6d58000359bcfaff6d58000359bcfaff6d58000359bcfaff6d58
2026-02-11 05:48:52.271,db-analytics-01,svc-build,1,chrome.exe,"chrome.exe",cmd.exe,,,SHA256=0006bb93e799f2b80006bb93e799f2b80006bb93e799f2b80006bb93e799f2b8
2026-02-11 06:00:10.205,sec-admin01,mreyes,1,git,"git",cmd.exe,,,SHA256=000c99c722b42e6a000c99c722b42e6a000c99c722b42e6a000c99c722b42e6a
2026-02-11 06:02:42.991,filesrv02,dcho,1,node,"node",cmd.exe,,,SHA256=001cf4c459e36501001cf4c459e36501001cf4c459e36501001cf4c459e36501
2026-02-11 06:12:06.555,sec-admin01,dcho,1,git,"git",cmd.exe,,,SHA256=0020e19b21019d100020e19b21019d100020e19b21019d100020e19b21019d10
2026-02-11 06:23:23.996,sec-admin01,svc-build,1,outlook.exe,"outlook.exe",systemd,,,SHA256=0022bd4bc9ac28940022bd4bc9ac28940022bd4bc9ac28940022bd4bc9ac2894
2026-02-11 06:34:37.096,jumphost-01,svc-build,1,chrome.exe,"chrome.exe",explorer.exe,,,SHA256=0014bcb0b21451980014bcb0b21451980014bcb0b21451980014bcb0b2145198
2026-02-11 06:37:57.298,finance-lt23,mreyes,1,chrome.exe,"chrome.exe",explorer.exe,,,SHA256=00165c1e32c9facf00165c1e32c9facf00165c1e32c9facf00165c1e32c9facf
2026-02-11 06:43:53.876,sec-admin01,svc-export,1,python3,"python3",cmd.exe,,,SHA256=0013fee1b143b92d0013fee1b143b92d0013fee1b143b92d0013fee1b143b92d
2026-02-11 06:52:31.887,sec-admin01,npatel,1,sshd,"sshd",cmd.exe,,,SHA256=00036efd2d20ad9800036efd2d20ad9800036efd2d20ad9800036efd2d20ad98
2026-02-11 07:02:09.352,finance-lt23,mreyes,1,python3,"python3",cmd.exe,,,SHA256=000c5cad17324649000c5cad17324649000c5cad17324649000c5cad17324649
2026-02-11 07:04:47.634,hr-ws11,mreyes,1,powershell.exe,"powershell.exe",explorer.exe,,,SHA256=0013b6ead6d19d750013b6ead6d19d750013b6ead6d19d750013b6ead6d19d75
2026-02-11 07:10:30.793,filesrv02,svc-build,1,sshd,"sshd",explorer.exe,,,SHA256=001ee4c15b57775d001ee4c15b57775d001ee4c15b57775d001ee4c15b57775d
2026-02-11 07:18:51.988,filesrv02,svc-export,1,chrome.exe,"chrome.exe",cmd.exe,,,SHA256=001fb26b6faa7bcf001fb26b6faa7bcf001fb26b6faa7bcf001fb26b6faa7bcf
2026-02-11 07:26:14.897,sec-admin01,secops,1,outlook.exe,"outlook.exe",launchd,,,SHA256=0016e06641c23fbd0016e06641c23fbd0016e06641c23fbd0016e06641c23fbd
2026-02-11 07:35:16.325,jumphost-01,svc-backup,1,sshd,"sshd",explorer.exe,,,SHA256=0004df4d3ed199800004df4d3ed199800004df4d3ed199800004df4d3ed19980
2026-02-11 07:42:07.261,sec-admin01,secops,1,outlook.exe,"outlook.exe",cmd.exe,,,SHA256=00175283d2709ed000175283d2709ed000175283d2709ed000175283d2709ed0
2026-02-11 07:51:31.890,finance-lt23,npatel,1,sshd,"sshd",launchd,,,SHA256=001efe28db101da5001efe28db101da5001efe28db101da5001efe28db101da5
2026-02-11 08:02:59.477,finance-lt23,secops,1,python3,"python3",explorer.exe,,,SHA256=0001428dfbe771770001428dfbe771770001428dfbe771770001428dfbe77177
2026-02-11 08:12:48.434,sec-admin01,svc-backup,1,slack.exe,"slack.exe",systemd,,,SHA256=000ad5029c41d4a0000ad5029c41d4a0000ad5029c41d4a0000ad5029c41d4a0
2026-02-11 08:20:54.765,db-analytics-01,npatel,1,outlook.exe,"outlook.exe",systemd,,,SHA256=001cdc70b5c9c9bd001cdc70b5c9c9bd001cdc70b5c9c9bd001cdc70b5c9c9bd
2026-02-11 08:31:11.744,hr-ws11,secops,1,outlook.exe,"outlook.exe",systemd,,,SHA256=002088d03d4f836c002088d03d4f836c002088d03d4f836c002088d03d4f836c
2026-02-11 08:37:21.146,hr-ws11,svc-backup,1,git,"git",systemd,,,SHA256=000b3a739df758bf000b3a739df758bf000b3a739df758bf000b3a739df758bf
2026-02-11 08:39:59.414,db-analytics-01,dcho,1,chrome.exe,"chrome.exe",systemd,,,SHA256=001e9332e3c0eb29001e9332e3c0eb29001e9332e3c0eb29001e9332e3c0eb29
2026-02-11 08:45:09.325,filesrv02,secops,1,sshd,"sshd",systemd,,,SHA256=00237214ea1cb6de00237214ea1cb6de00237214ea1cb6de00237214ea1cb6de
2026-02-11 08:54:27.304,db-analytics-01,svc-backup,1,powershell.exe,"powershell.exe",systemd,,,SHA256=00134b6b8b2fe8de00134b6b8b2fe8de00134b6b8b2fe8de00134b6b8b2fe8de
2026-02-11 09:00:20.537,db-analytics-01,secops,1,git,"git",cmd.exe,,,SHA256=001a0d24e40d9621001a0d24e40d9621001a0d24e40d9621001a0d24e40d9621
2026-02-11 09:05:22.288,jumphost-01,svc-export,1,node,"node",launchd,,,SHA256=00012c955e185d9200012c955e185d9200012c955e185d9200012c955e185d92
2026-02-11 09:10:47.776,jumphost-01,secops,1,slack.exe,"slack.exe",cmd.exe,,,SHA256=001ffc3c10fb2aed001ffc3c10fb2aed001ffc3c10fb2aed001ffc3c10fb2aed
2026-02-11 09:20:49.994,filesrv02,secops,1,node,"node",systemd,,,SHA256=0008eceab816ca920008eceab816ca920008eceab816ca920008eceab816ca92
2026-02-11 09:30:21.908,finance-lt23,svc-export,1,git,"git",explorer.exe,,,SHA256=001b920aa08456ea001b920aa08456ea001b920aa08456ea001b920aa08456ea
2026-02-11 09:36:29.366,finance-lt23,svc-backup,1,node,"node",systemd,,,SHA256=000349b2fec2cdfa000349b2fec2cdfa000349b2fec2cdfa000349b2fec2cdfa
2026-02-11 09:43:52.337,finance-lt23,svc-backup,1,slack.exe,"slack.exe",cmd.exe,,,SHA256=0001e8ed7f82622f0001e8ed7f82622f0001e8ed7f82622f0001e8ed7f82622f
2026-02-11 09:48:39.022,db-analytics-01,npatel,1,chrome.exe,"chrome.exe",systemd,,,SHA256=002051326595eb88002051326595eb88002051326595eb88002051326595eb88
2026-02-11 09:57:59.978,hr-ws11,svc-backup,1,outlook.exe,"outlook.exe",systemd,,,SHA256=00129e967e064eb000129e967e064eb000129e967e064eb000129e967e064eb0
2026-02-11 10:02:23.486,finance-lt23,npatel,1,outlook.exe,"outlook.exe",systemd,,,SHA256=0001054834a14da10001054834a14da10001054834a14da10001054834a14da1
2026-02-11 10:09:58.456,jumphost-01,dcho,1,git,"git",cmd.exe,,,SHA256=0007c136736d11e70007c136736d11e70007c136736d11e70007c136736d11e7
2026-02-11 10:18:00.507,finance-lt23,svc-build,1,node,"node",explorer.exe,,,SHA256=0007cbc26ab26aa20007cbc26ab26aa20007cbc26ab26aa20007cbc26ab26aa2
2026-02-11 10:27:27.535,finance-lt23,svc-build,1,git,"git",launchd,,,SHA256=0013e6e6b0bc40c80013e6e6b0bc40c80013e6e6b0bc40c80013e6e6b0bc40c8
2026-02-11 10:32:53.796,finance-lt23,secops,1,powershell.exe,"powershell.exe",systemd,,,SHA256=000a54731eb8ba6a000a54731eb8ba6a000a54731eb8ba6a000a54731eb8ba6a
2026-02-11 10:41:00.939,finance-lt23,svc-backup,1,python3,"python3",launchd,,,SHA256=000b834928f9f9e1000b834928f9f9e1000b834928f9f9e1000b834928f9f9e1
2026-02-11 10:46:08.653,hr-ws11,npatel,1,node,"node",launchd,,,SHA256=000857364f72e826000857364f72e826000857364f72e826000857364f72e826
2026-02-11 10:54:58.833,sec-admin01,svc-export,1,node,"node",systemd,,,SHA256=000fcc6d26d519cf000fcc6d26d519cf000fcc6d26d519cf000fcc6d26d519cf
2026-02-11 11:01:51.058,hr-ws11,svc-backup,1,python3,"python3",explorer.exe,,,SHA256=0014f6afd9a42c5e0014f6afd9a42c5e0014f6afd9a42c5e0014f6afd9a42c5e
2026-02-11 11:08:33.360,sec-admin01,svc-backup,1,git,"git",systemd,,,SHA256=0022b70a3d7805e80022b70a3d7805e80022b70a3d7805e80022b70a3d7805e8
2026-02-11 11:13:23.943,filesrv02,svc-export,1,outlook.exe,"outlook.exe",cmd.exe,,,SHA256=0021a3f2d2dbbb400021a3f2d2dbbb400021a3f2d2dbbb400021a3f2d2dbbb40
2026-02-11 11:16:23.764,sec-admin01,svc-export,1,sshd,"sshd",cmd.exe,,,SHA256=001abd56672d9924001abd56672d9924001abd56672d9924001abd56672d9924
2026-02-11 11:22:37.484,hr-ws11,svc-backup,1,chrome.exe,"chrome.exe",cmd.exe,,,SHA256=001b331b43467329001b331b43467329001b331b43467329001b331b43467329
2026-02-11 11:27:55.746,filesrv02,secops,1,node,"node",systemd,,,SHA256=0012c00082e5ff4e0012c00082e5ff4e0012c00082e5ff4e0012c00082e5ff4e
2026-02-11 11:35:03.367,hr-ws11,svc-export,1,powershell.exe,"powershell.exe",explorer.exe,,,SHA256=00210fe3a62e377a00210fe3a62e377a00210fe3a62e377a00210fe3a62e377a
2026-02-11 11:39:07.816,filesrv02,dcho,1,sshd,"sshd",launchd,,,SHA256=0017ed1ca00f8a6a0017ed1ca00f8a6a0017ed1ca00f8a6a0017ed1ca00f8a6a
2026-02-11 11:44:06.114,sec-admin01,svc-build,1,outlook.exe,"outlook.exe",explorer.exe,,,SHA256=0019473275b6a39c0019473275b6a39c0019473275b6a39c0019473275b6a39c
2026-02-11 11:54:25.557,hr-ws11,svc-build,1,python3,"python3",systemd,,,SHA256=0018e9b32037ce680018e9b32037ce680018e9b32037ce680018e9b32037ce68
2026-02-11 11:57:17.689,finance-lt23,svc-backup,1,outlook.exe,"outlook.exe",launchd,,,SHA256=0001e48d2ea6024c0001e48d2ea6024c0001e48d2ea6024c0001e48d2ea6024c
2026-02-11 12:04:52.809,filesrv02,mreyes,1,sshd,"sshd",systemd,,,SHA256=000624ccd3d18f09000624ccd3d18f09000624ccd3d18f09000624ccd3d18f09
2026-02-11 12:13:24.710,hr-ws11,mreyes,1,git,"git",systemd,,,SHA256=000d0e016928b52b000d0e016928b52b000d0e016928b52b000d0e016928b52b
2026-02-11 12:19:46.932,filesrv02,npatel,1,sshd,"sshd",cmd.exe,,,SHA256=001c1c92d36c4c10001c1c92d36c4c10001c1c92d36c4c10001c1c92d36c4c10
2026-02-11 12:25:30.733,filesrv02,secops,1,git,"git",cmd.exe,,,SHA256=0008bfa88eb078890008bfa88eb078890008bfa88eb078890008bfa88eb07889
2026-02-11 12:30:13.413,filesrv02,npatel,1,python3,"python3",launchd,,,SHA256=0019814f84d177ac0019814f84d177ac0019814f84d177ac0019814f84d177ac
2026-02-11 12:34:39.192,sec-admin01,svc-build,1,slack.exe,"slack.exe",explorer.exe,,,SHA256=001b66b32c932f6f001b66b32c932f6f001b66b32c932f6f001b66b32c932f6f
2026-02-11 12:37:13.226,db-analytics-01,secops,1,python3,"python3",systemd,,,SHA256=000ec65f1087a323000ec65f1087a323000ec65f1087a323000ec65f1087a323
2026-02-11 12:45:15.709,filesrv02,npatel,1,powershell.exe,"powershell.exe",cmd.exe,,,SHA256=000c0a80379a23ed000c0a80379a23ed000c0a80379a23ed000c0a80379a23ed
2026-02-11 12:49:24.452,filesrv02,svc-backup,1,git,"git",explorer.exe,,,SHA256=001403eb21c52dc2001403eb21c52dc2001403eb21c52dc2001403eb21c52dc2
2026-02-11 12:57:51.603,filesrv02,svc-export,1,sshd,"sshd",systemd,,,SHA256=000630d5168be7a4000630d5168be7a4000630d5168be7a4000630d5168be7a4
2026-02-11 13:05:17.828,hr-ws11,secops,1,python3,"python3",systemd,,,SHA256=001db08e9fe84204001db08e9fe84204001db08e9fe84204001db08e9fe84204
2026-02-11 13:10:03.568,db-analytics-01,npatel,1,powershell.exe,"powershell.exe",cmd.exe,,,SHA256=0021ef33ffc240940021ef33ffc240940021ef33ffc240940021ef33ffc24094
2026-02-11 13:19:33.980,db-analytics-01,svc-export,1,python3,"python3",explorer.exe,,,SHA256=001564272e722cff001564272e722cff001564272e722cff001564272e722cff
2026-02-11 13:27:27.601,filesrv02,npatel,1,slack.exe,"slack.exe",explorer.exe,,,SHA256=0007c6817aaace290007c6817aaace290007c6817aaace290007c6817aaace29
2026-02-11 13:31:48.252,hr-ws11,svc-export,1,powershell.exe,"powershell.exe",launchd,,,SHA256=001da8f1fcf25c16001da8f1fcf25c16001da8f1fcf25c16001da8f1fcf25c16
2026-02-11 13:36:18.386,sec-admin01,svc-build,1,python3,"python3",launchd,,,SHA256=0010c7e6720152840010c7e6720152840010c7e6720152840010c7e672015284
2026-02-11 13:42:37.144,jumphost-01,dcho,1,git,"git",cmd.exe,,,SHA256=001b981f6db78cdb001b981f6db78cdb001b981f6db78cdb001b981f6db78cdb
2026-02-11 13:51:28.486,sec-admin01,npatel,1,chrome.exe,"chrome.exe",cmd.exe,,,SHA256=00065b9c48dccc0500065b9c48dccc0500065b9c48dccc0500065b9c48dccc05
2026-02-11 13:59:58.518,db-analytics-01,svc-build,1,sshd,"sshd",systemd,,,SHA256=0005d6df21defb430005d6df21defb430005d6df21defb430005d6df21defb43
2026-02-11 14:09:34.781,hr-ws11,mreyes,1,chrome.exe,"chrome.exe",systemd,,,SHA256=000184df31d4cb1f000184df31d4cb1f000184df31d4cb1f000184df31d4cb1f
2026-02-11 14:13:05.832,finance-lt23,mreyes,1,chrome.exe,"chrome.exe",explorer.exe,,,SHA256=0001ed96b9b79a0f0001ed96b9b79a0f0001ed96b9b79a0f0001ed96b9b79a0f
2026-02-11 14:20:42.761,jumphost-01,npatel,1,git,"git",systemd,,,SHA256=00095404c17bb05e00095404c17bb05e00095404c17bb05e00095404c17bb05e
2026-02-11 14:28:14.814,hr-ws11,svc-backup,1,sshd,"sshd",explorer.exe,,,SHA256=0013776e6324a1790013776e6324a1790013776e6324a1790013776e6324a179
2026-02-11 14:38:32.364,filesrv02,svc-backup,1,slack.exe,"slack.exe",launchd,,,SHA256=00181389087ebeb400181389087ebeb400181389087ebeb400181389087ebeb4
2026-02-11 14:42:09.092,jumphost-01,svc-export,1,powershell.exe,"powershell.exe",explorer.exe,,,SHA256=00223abbf9e2001e00223abbf9e2001e00223abbf9e2001e00223abbf9e2001e
2026-02-11 14:45:12.216,finance-lt23,svc-export,1,outlook.exe,"outlook.exe",launchd,,,SHA256=0022b66c915e2e020022b66c915e2e020022b66c915e2e020022b66c915e2e02
2026-02-11 14:55:49.430,sec-admin01,npatel,1,node,"node",cmd.exe,,,SHA256=0008e4fe9b757a290008e4fe9b757a290008e4fe9b757a290008e4fe9b757a29
2026-02-11 15:06:42.214,sec-admin01,svc-export,1,sshd,"sshd",explorer.exe,,,SHA256=000dfddf1921a9ed000dfddf1921a9ed000dfddf1921a9ed000dfddf1921a9ed
2026-02-11 15:15:59.342,jumphost-01,svc-build,1,git,"git",systemd,,,SHA256=0018a9955b4c82c70018a9955b4c82c70018a9955b4c82c70018a9955b4c82c7
2026-02-11 15:21:07.552,finance-lt23,mreyes,1,python3,"python3",explorer.exe,,,SHA256=0013c9b93561e8e10013c9b93561e8e10013c9b93561e8e10013c9b93561e8e1
2026-02-11 15:29:17.985,db-analytics-01,svc-export,1,powershell.exe,"powershell.exe",cmd.exe,,,SHA256=0007670c83e51bc80007670c83e51bc80007670c83e51bc80007670c83e51bc8
2026-02-11 15:36:20.393,filesrv02,svc-export,1,outlook.exe,"outlook.exe",launchd,,,SHA256=000f00cf29a14760000f00cf29a14760000f00cf29a14760000f00cf29a14760
2026-02-11 15:39:59.355,db-analytics-01,secops,1,outlook.exe,"outlook.exe",explorer.exe,,,SHA256=001afc5fc37a4795001afc5fc37a4795001afc5fc37a4795001afc5fc37a4795
2026-02-11 15:43:28.530,filesrv02,mreyes,1,sshd,"sshd",systemd,,,SHA256=0010226802f9938f0010226802f9938f0010226802f9938f0010226802f9938f
2026-02-11 15:47:34.928,jumphost-01,npatel,1,node,"node",launchd,,,SHA256=0019b87a0d60d9510019b87a0d60d9510019b87a0d60d9510019b87a0d60d951
2026-02-11 15:51:43.487,sec-admin01,svc-build,1,chrome.exe,"chrome.exe",explorer.exe,,,SHA256=00110ea04534750100110ea04534750100110ea04534750100110ea045347501
2026-02-11 15:54:45.030,filesrv02,svc-backup,1,node,"node",cmd.exe,,,SHA256=0007d7bd362eaf510007d7bd362eaf510007d7bd362eaf510007d7bd362eaf51
2026-02-11 15:58:43.655,finance-lt23,mreyes,1,python3,"python3",cmd.exe,,,SHA256=001fa2e8fa2d1cc4001fa2e8fa2d1cc4001fa2e8fa2d1cc4001fa2e8fa2d1cc4
2026-02-11 16:02:22.322,filesrv02,svc-backup,1,powershell.exe,"powershell.exe",cmd.exe,,,SHA256=001997a2f886a3c0001997a2f886a3c0001997a2f886a3c0001997a2f886a3c0
2026-02-11 16:07:01.175,jumphost-01,mreyes,1,node,"node",cmd.exe,,,SHA256=0003b377247929ab0003b377247929ab0003b377247929ab0003b377247929ab
2026-02-11 16:18:18.939,finance-lt23,secops,1,git,"git",systemd,,,SHA256=0010d5366767bf8c0010d5366767bf8c0010d5366767bf8c0010d5366767bf8c
2026-02-11 16:25:44.389,hr-ws11,secops,1,chrome.exe,"chrome.exe",launchd,,,SHA256=0010d0327d99ecdd0010d0327d99ecdd0010d0327d99ecdd0010d0327d99ecdd
2026-02-11 16:36:26.910,hr-ws11,npatel,1,sshd,"sshd",launchd,,,SHA256=0013e7311b9b7b960013e7311b9b7b960013e7311b9b7b960013e7311b9b7b96
2026-02-11 16:46:00.841,finance-lt23,dcho,1,slack.exe,"slack.exe",cmd.exe,,,SHA256=0001b249bc847a9d0001b249bc847a9d0001b249bc847a9d0001b249bc847a9d
2026-02-11 16:56:49.660,filesrv02,npatel,1,git,"git",explorer.exe,,,SHA256=00154c2c4eab1c1900154c2c4eab1c1900154c2c4eab1c1900154c2c4eab1c19
2026-02-11 17:08:08.897,filesrv02,svc-export,1,chrome.exe,"chrome.exe",cmd.exe,,,SHA256=001f01806034335b001f01806034335b001f01806034335b001f01806034335b
2026-02-11 17:16:00.462,sec-admin01,svc-export,1,git,"git",cmd.exe,,,SHA256=000f281cd8997259000f281cd8997259000f281cd8997259000f281cd8997259
2026-02-11 17:22:59.204,hr-ws11,mreyes,1,outlook.exe,"outlook.exe",systemd,,,SHA256=001a456aa5abb0f9001a456aa5abb0f9001a456aa5abb0f9001a456aa5abb0f9
2026-02-11 17:30:51.890,jumphost-01,secops,1,powershell.exe,"powershell.exe",cmd.exe,,,SHA256=0009c7532776908f0009c7532776908f0009c7532776908f0009c7532776908f
2026-02-11 17:38:30.322,finance-lt23,svc-backup,1,sshd,"sshd",explorer.exe,,,SHA256=0013fc174cb944610013fc174cb944610013fc174cb944610013fc174cb94461
2026-02-11 17:47:18.401,filesrv02,secops,1,chrome.exe,"chrome.exe",cmd.exe,,,SHA256=0009768861db3c130009768861db3c130009768861db3c130009768861db3c13
2026-02-11 17:57:55.986,sec-admin01,svc-build,1,outlook.exe,"outlook.exe",cmd.exe,,,SHA256=001c9783a9496f46001c9783a9496f46001c9783a9496f46001c9783a9496f46
2026-02-11 18:04:42.334,hr-ws11,svc-export,1,powershell.exe,"powershell.exe",systemd,,,SHA256=0008e13e814a29ca0008e13e814a29ca0008e13e814a29ca0008e13e814a29ca
2026-02-11 18:08:24.592,hr-ws11,svc-backup,1,git,"git",cmd.exe,,,SHA256=00161ad4912a063800161ad4912a063800161ad4912a063800161ad4912a0638
2026-02-11 18:11:51.712,db-analytics-01,dcho,1,sshd,"sshd",systemd,,,SHA256=000a82835da450d0000a82835da450d0000a82835da450d0000a82835da450d0
2026-02-11 18:16:24.610,sec-admin01,mreyes,1,chrome.exe,"chrome.exe",launchd,,,SHA256=001717bba543e6ed001717bba543e6ed001717bba543e6ed001717bba543e6ed
2026-02-11 18:27:46.384,finance-lt23,svc-export,1,powershell.exe,"powershell.exe",explorer.exe,,,SHA256=000d87fe5f4bdf68000d87fe5f4bdf68000d87fe5f4bdf68000d87fe5f4bdf68
2026-02-11 18:30:52.763,filesrv02,svc-backup,1,sshd,"sshd",cmd.exe,,,SHA256=001568b4b3b76ecc001568b4b3b76ecc001568b4b3b76ecc001568b4b3b76ecc
2026-02-11 18:33:27.138,sec-admin01,secops,1,node,"node",systemd,,,SHA256=000276d209039e23000276d209039e23000276d209039e23000276d209039e23
2026-02-11 18:43:14.933,sec-admin01,svc-backup,1,slack.exe,"slack.exe",explorer.exe,,,SHA256=0003dc9cf8091dbc0003dc9cf8091dbc0003dc9cf8091dbc0003dc9cf8091dbc
2026-02-11 18:52:30.577,filesrv02,secops,1,slack.exe,"slack.exe",systemd,,,SHA256=00084a899649cd4e00084a899649cd4e00084a899649cd4e00084a899649cd4e
2026-02-11 19:02:12.885,sec-admin01,svc-build,1,python3,"python3",systemd,,,SHA256=00101d77cd31112e00101d77cd31112e00101d77cd31112e00101d77cd31112e
2026-02-11 19:13:10.645,db-analytics-01,npatel,1,chrome.exe,"chrome.exe",launchd,,,SHA256=0003e9819914c8a00003e9819914c8a00003e9819914c8a00003e9819914c8a0
2026-02-11 19:16:23.004,filesrv02,svc-build,1,powershell.exe,"powershell.exe",launchd,,,SHA256=00055b34d28b436800055b34d28b436800055b34d28b436800055b34d28b4368
2026-02-11 19:26:55.827,db-analytics-01,npatel,1,powershell.exe,"powershell.exe",explorer.exe,,,SHA256=0008a2108998fd220008a2108998fd220008a2108998fd220008a2108998fd22
2026-02-11 19:36:36.405,finance-lt23,svc-export,1,git,"git",cmd.exe,,,SHA256=001244d02aedbb13001244d02aedbb13001244d02aedbb13001244d02aedbb13
2026-02-11 19:46:49.178,sec-admin01,svc-backup,1,python3,"python3",launchd,,,SHA256=0003ac9b3c19fd600003ac9b3c19fd600003ac9b3c19fd600003ac9b3c19fd60
2026-02-11 19:50:02.854,db-analytics-01,svc-build,1,slack.exe,"slack.exe",systemd,,,SHA256=00173ad7f235170500173ad7f235170500173ad7f235170500173ad7f2351705
2026-02-11 19:56:06.446,db-analytics-01,npatel,1,outlook.exe,"outlook.exe",launchd,,,SHA256=000fa260f78dbfd1000fa260f78dbfd1000fa260f78dbfd1000fa260f78dbfd1
2026-02-11 19:59:44.100,filesrv02,npatel,1,git,"git",systemd,,,SHA256=0014170da7ef22510014170da7ef22510014170da7ef22510014170da7ef2251
2026-02-11 20:04:45.695,sec-admin01,svc-build,1,slack.exe,"slack.exe",explorer.exe,,,SHA256=00172f96c8b5538300172f96c8b5538300172f96c8b5538300172f96c8b55383
2026-02-11 20:12:35.323,hr-ws11,svc-export,1,powershell.exe,"powershell.exe",explorer.exe,,,SHA256=00086f3b615c5c8e00086f3b615c5c8e00086f3b615c5c8e00086f3b615c5c8e
2026-02-11 20:19:49.944,sec-admin01,npatel,1,python3,"python3",systemd,,,SHA256=001a2d2494919709001a2d2494919709001a2d2494919709001a2d2494919709
2026-02-11 20:27:36.538,filesrv02,dcho,1,slack.exe,"slack.exe",cmd.exe,,,SHA256=0021981d0c83a2660021981d0c83a2660021981d0c83a2660021981d0c83a266
2026-02-11 20:34:42.481,finance-lt23,secops,1,node,"node",launchd,,,SHA256=001539f99d39bda7001539f99d39bda7001539f99d39bda7001539f99d39bda7
2026-02-11 20:44:08.912,sec-admin01,npatel,1,sshd,"sshd",explorer.exe,,,SHA256=0005a6c61db462620005a6c61db462620005a6c61db462620005a6c61db46262
2026-02-11 20:49:42.610,jumphost-01,npatel,1,python3,"python3",launchd,,,SHA256=001b9a159554aebe001b9a159554aebe001b9a159554aebe001b9a159554aebe
2026-02-11 20:55:54.079,filesrv02,svc-build,1,python3,"python3",systemd,,,SHA256=0019da1f45a109f40019da1f45a109f40019da1f45a109f40019da1f45a109f4
2026-02-11 21:06:27.748,filesrv02,svc-build,1,powershell.exe,"powershell.exe",explorer.exe,,,SHA256=001fcb8c7c5e8b74001fcb8c7c5e8b74001fcb8c7c5e8b74001fcb8c7c5e8b74
2026-02-11 21:12:27.671,hr-ws11,secops,1,node,"node",cmd.exe,,,SHA256=0009b9be67b496c30009b9be67b496c30009b9be67b496c30009b9be67b496c3
2026-02-11 21:16:55.875,finance-lt23,svc-export,1,node,"node",cmd.exe,,,SHA256=000c5b1b97dbe6a6000c5b1b97dbe6a6000c5b1b97dbe6a6000c5b1b97dbe6a6
2026-02-11 21:24:01.394,db-analytics-01,svc-export,1,outlook.exe,"outlook.exe",launchd,,,SHA256=00221b2bf200783c00221b2bf200783c00221b2bf200783c00221b2bf200783c
2026-02-11 21:28:00.509,jumphost-01,npatel,1,outlook.exe,"outlook.exe",explorer.exe,,,SHA256=000239f3db067b11000239f3db067b11000239f3db067b11000239f3db067b11
2026-02-11 21:36:01.114,filesrv02,svc-build,1,outlook.exe,"outlook.exe",cmd.exe,,,SHA256=0001f4a267c02d570001f4a267c02d570001f4a267c02d570001f4a267c02d57
2026-02-11 21:42:58.454,hr-ws11,npatel,1,powershell.exe,"powershell.exe",systemd,,,SHA256=000c9c50eb6b6bbf000c9c50eb6b6bbf000c9c50eb6b6bbf000c9c50eb6b6bbf
2026-02-11 21:48:11.530,sec-admin01,svc-export,1,python3,"python3",explorer.exe,,,SHA256=00226ae207ef4aa800226ae207ef4aa800226ae207ef4aa800226ae207ef4aa8
2026-02-11 21:58:08.740,filesrv02,mreyes,1,slack.exe,"slack.exe",launchd,,,SHA256=00068fa8ea6d5aae00068fa8ea6d5aae00068fa8ea6d5aae00068fa8ea6d5aae
2026-02-11 22:03:51.166,sec-admin01,secops,1,sshd,"sshd",explorer.exe,,,SHA256=001821e26a0ad4aa001821e26a0ad4aa001821e26a0ad4aa001821e26a0ad4aa
2026-02-11 22:07:29.270,filesrv02,npatel,1,python3,"python3",launchd,,,SHA256=000cc4267849e1c6000cc4267849e1c6000cc4267849e1c6000cc4267849e1c6
2026-02-11 22:10:44.492,db-analytics-01,svc-export,1,outlook.exe,"outlook.exe",cmd.exe,,,SHA256=0019b21640a21a460019b21640a21a460019b21640a21a460019b21640a21a46
2026-02-11 22:18:55.820,sec-admin01,secops,1,chrome.exe,"chrome.exe",explorer.exe,,,SHA256=00110c8b546539fb00110c8b546539fb00110c8b546539fb00110c8b546539fb
2026-02-11 22:23:11.150,hr-ws11,svc-build,1,powershell.exe,"powershell.exe",cmd.exe,,,SHA256=00061b6933327ba700061b6933327ba700061b6933327ba700061b6933327ba7
2026-02-11 22:29:36.166,jumphost-01,npatel,1,outlook.exe,"outlook.exe",launchd,,,SHA256=00180b39c5641cc000180b39c5641cc000180b39c5641cc000180b39c5641cc0
2026-02-11 22:40:55.369,sec-admin01,svc-backup,1,outlook.exe,"outlook.exe",cmd.exe,,,SHA256=00095e195b40c94300095e195b40c94300095e195b40c94300095e195b40c943
2026-02-11 22:44:10.249,finance-lt23,svc-build,1,git,"git",launchd,,,SHA256=000f60e144392bad000f60e144392bad000f60e144392bad000f60e144392bad
2026-02-11 22:54:11.784,filesrv02,secops,1,powershell.exe,"powershell.exe",launchd,,,SHA256=0015e7f0b8e127240015e7f0b8e127240015e7f0b8e127240015e7f0b8e12724
2026-02-11 23:04:55.382,filesrv02,svc-backup,1,python3,"python3",launchd,,,SHA256=00016d572e086a7200016d572e086a7200016d572e086a7200016d572e086a72
2026-02-11 23:11:26.980,db-analytics-01,dcho,1,powershell.exe,"powershell.exe",systemd,,,SHA256=0006cb5ff6afa0760006cb5ff6afa0760006cb5ff6afa0760006cb5ff6afa076
2026-02-11 23:14:13.658,jumphost-01,svc-backup,1,outlook.exe,"outlook.exe",systemd,,,SHA256=00114f687f2996fe00114f687f2996fe00114f687f2996fe00114f687f2996fe
2026-02-11 23:18:09.238,finance-lt23,npatel,1,slack.exe,"slack.exe",launchd,,,SHA256=000f2891751bd755000f2891751bd755000f2891751bd755000f2891751bd755
2026-02-11 23:21:26.834,filesrv02,svc-build,1,python3,"python3",launchd,,,SHA256=001d470584c56beb001d470584c56beb001d470584c56beb001d470584c56beb
2026-02-11 23:27:02.061,filesrv02,mreyes,1,slack.exe,"slack.exe",explorer.exe,,,SHA256=0007dab4b2d27cd60007dab4b2d27cd60007dab4b2d27cd60007dab4b2d27cd6
2026-02-11 23:32:22.085,filesrv02,svc-export,1,sshd,"sshd",cmd.exe,,,SHA256=000ab6788c82192b000ab6788c82192b000ab6788c82192b000ab6788c82192b
2026-02-11 23:42:10.195,finance-lt23,secops,1,python3,"python3",explorer.exe,,,SHA256=00182002fd1b7d5600182002fd1b7d5600182002fd1b7d5600182002fd1b7d56
2026-02-11 23:48:40.155,hr-ws11,npatel,1,node,"node",cmd.exe,,,SHA256=001d8db7f8977ef8001d8db7f8977ef8001d8db7f8977ef8001d8db7f8977ef8
2026-02-11 23:56:09.976,jumphost-01,secops,1,git,"git",launchd,,,SHA256=001c53b0c80f0d01001c53b0c80f0d01001c53b0c80f0d01001c53b0c80f0d01
2026-02-12 00:02:55.547,filesrv02,svc-export,1,sshd,"sshd",cmd.exe,,,SHA256=001429e48bcef6f7001429e48bcef6f7001429e48bcef6f7001429e48bcef6f7
2026-02-12 00:08:48.965,filesrv02,mreyes,1,slack.exe,"slack.exe",systemd,,,SHA256=001225e0f1d700a4001225e0f1d700a4001225e0f1d700a4001225e0f1d700a4
2026-02-12 00:15:06.534,db-analytics-01,secops,1,chrome.exe,"chrome.exe",launchd,,,SHA256=0016ec1ce541b7ac0016ec1ce541b7ac0016ec1ce541b7ac0016ec1ce541b7ac
2026-02-12 00:19:22.965,filesrv02,secops,1,chrome.exe,"chrome.exe",cmd.exe,,,SHA256=001b63da06c71eb5001b63da06c71eb5001b63da06c71eb5001b63da06c71eb5
2026-02-12 00:26:30.885,db-analytics-01,npatel,1,chrome.exe,"chrome.exe",systemd,,,SHA256=000de6093b2a1e24000de6093b2a1e24000de6093b2a1e24000de6093b2a1e24
2026-02-12 00:29:51.616,hr-ws11,svc-backup,1,slack.exe,"slack.exe",launchd,,,SHA256=001489f2959154a2001489f2959154a2001489f2959154a2001489f2959154a2
2026-02-12 00:36:31.325,jumphost-01,svc-export,1,sshd,"sshd",launchd,,,SHA256=00130dea353869e000130dea353869e000130dea353869e000130dea353869e0
2026-02-12 00:42:16.918,finance-lt23,dcho,1,chrome.exe,"chrome.exe",cmd.exe,,,SHA256=0004f8ec2c93fc580004f8ec2c93fc580004f8ec2c93fc580004f8ec2c93fc58
2026-02-12 00:51:32.890,sec-admin01,svc-export,1,chrome.exe,"chrome.exe",cmd.exe,,,SHA256=0008617f8b29b6fe0008617f8b29b6fe0008617f8b29b6fe0008617f8b29b6fe
2026-02-12 00:55:22.138,finance-lt23,dcho,1,git,"git",explorer.exe,,,SHA256=00148632e9dd9e1600148632e9dd9e1600148632e9dd9e1600148632e9dd9e16
2026-02-12 00:59:02.436,sec-admin01,secops,1,chrome.exe,"chrome.exe",launchd,,,SHA256=00217c6971ab42ae00217c6971ab42ae00217c6971ab42ae00217c6971ab42ae
2026-02-12 01:05:31.682,finance-lt23,secops,1,node,"node",systemd,,,SHA256=001e45ac80fbda72001e45ac80fbda72001e45ac80fbda72001e45ac80fbda72
2026-02-12 01:14:18.712,finance-lt23,svc-build,1,slack.exe,"slack.exe",launchd,,,SHA256=000f37fb62e645d2000f37fb62e645d2000f37fb62e645d2000f37fb62e645d2
2026-02-12 01:21:25.649,hr-ws11,mreyes,1,sshd,"sshd",launchd,,,SHA256=001d8511b3a368ab001d8511b3a368ab001d8511b3a368ab001d8511b3a368ab
2026-02-12 01:26:29.511,filesrv02,svc-build,1,powershell.exe,"powershell.exe",systemd,,,SHA256=0011e214e228f1f60011e214e228f1f60011e214e228f1f60011e214e228f1f6
2026-02-12 01:29:05.903,hr-ws11,mreyes,1,powershell.exe,"powershell.exe",explorer.exe,,,SHA256=0017ce8b8adc55300017ce8b8adc55300017ce8b8adc55300017ce8b8adc5530
2026-02-12 01:31:50.556,filesrv02,npatel,1,node,"node",systemd,,,SHA256=00081112c2dd5c7100081112c2dd5c7100081112c2dd5c7100081112c2dd5c71
2026-02-12 01:37:43.619,finance-lt23,dcho,1,node,"node",cmd.exe,,,SHA256=00210b4c56dbec7000210b4c56dbec7000210b4c56dbec7000210b4c56dbec70
2026-02-12 01:43:08.884,filesrv02,mreyes,1,powershell.exe,"powershell.exe",launchd,,,SHA256=001773cba9a563db001773cba9a563db001773cba9a563db001773cba9a563db
2026-02-12 01:48:01.394,finance-lt23,dcho,1,sshd,"sshd",launchd,,,SHA256=00038905999dfde100038905999dfde100038905999dfde100038905999dfde1
2026-02-12 01:55:51.645,filesrv02,dcho,1,node,"node",cmd.exe,,,SHA256=001017c495f3dbb1001017c495f3dbb1001017c495f3dbb1001017c495f3dbb1
2026-02-12 01:59:16.131,db-analytics-01,svc-build,1,python3,"python3",explorer.exe,,,SHA256=000fe81ab8cd6354000fe81ab8cd6354000fe81ab8cd6354000fe81ab8cd6354
2026-02-12 02:06:09.312,jumphost-01,svc-export,1,node,"node",cmd.exe,,,SHA256=001d1075e4d28a45001d1075e4d28a45001d1075e4d28a45001d1075e4d28a45
2026-02-12 02:08:52.035,finance-lt23,dcho,1,slack.exe,"slack.exe",launchd,,,SHA256=000d74ec879af87a000d74ec879af87a000d74ec879af87a000d74ec879af87a
2026-02-12 02:16:00.480,db-analytics-01,svc-backup,1,sshd,"sshd",systemd,,,SHA256=0018443942cec4ea0018443942cec4ea0018443942cec4ea0018443942cec4ea
2026-02-12 02:25:26.175,sec-admin01,secops,1,outlook.exe,"outlook.exe",launchd,,,SHA256=001924bdb9036eb2001924bdb9036eb2001924bdb9036eb2001924bdb9036eb2
2026-02-12 02:29:53.499,db-analytics-01,svc-backup,1,python3,"python3",launchd,,,SHA256=0002863fc5dbb65f0002863fc5dbb65f0002863fc5dbb65f0002863fc5dbb65f
2026-02-12 02:35:12.208,jumphost-01,secops,1,chrome.exe,"chrome.exe",launchd,,,SHA256=0012e72e33c0a9140012e72e33c0a9140012e72e33c0a9140012e72e33c0a914
2026-02-12 02:40:38.369,jumphost-01,svc-build,1,slack.exe,"slack.exe",launchd,,,SHA256=00003642eb4b9b7a00003642eb4b9b7a00003642eb4b9b7a00003642eb4b9b7a
2026-02-12 02:45:40.969,db-analytics-01,svc-backup,1,powershell.exe,"powershell.exe",systemd,,,SHA256=001602ce32bd8cc1001602ce32bd8cc1001602ce32bd8cc1001602ce32bd8cc1
2026-02-12 02:53:30.393,sec-admin01,svc-export,1,sshd,"sshd",cmd.exe,,,SHA256=00115aaf7ebe821900115aaf7ebe821900115aaf7ebe821900115aaf7ebe8219
2026-02-12 03:00:19.762,jumphost-01,svc-build,1,powershell.exe,"powershell.exe",systemd,,,SHA256=001136b8c0b3716b001136b8c0b3716b001136b8c0b3716b001136b8c0b3716b
2026-02-12 03:04:25.250,db-analytics-01,mreyes,1,slack.exe,"slack.exe",systemd,,,SHA256=000c19aaea575644000c19aaea575644000c19aaea575644000c19aaea575644
2026-02-12 03:07:05.317,hr-ws11,secops,1,outlook.exe,"outlook.exe",systemd,,,SHA256=00146a8ea3619e2100146a8ea3619e2100146a8ea3619e2100146a8ea3619e21
2026-02-12 03:16:53.268,filesrv02,secops,1,powershell.exe,"powershell.exe",cmd.exe,,,SHA256=0022492b2cf649a40022492b2cf649a40022492b2cf649a40022492b2cf649a4
2026-02-12 03:27:28.503,hr-ws11,secops,1,powershell.exe,"powershell.exe",systemd,,,SHA256=000886043bea7e5f000886043bea7e5f000886043bea7e5f000886043bea7e5f
2026-02-12 03:30:58.778,sec-admin01,svc-export,1,powershell.exe,"powershell.exe",explorer.exe,,,SHA256=000b40ef5317e12b000b40ef5317e12b000b40ef5317e12b000b40ef5317e12b
2026-02-12 03:34:01.992,finance-lt23,secops,1,powershell.exe,"powershell.exe",explorer.exe,,,SHA256=000e67fd59647b54000e67fd59647b54000e67fd59647b54000e67fd59647b54
2026-02-12 03:43:18.586,db-analytics-01,svc-backup,1,powershell.exe,"powershell.exe",explorer.exe,,,SHA256=00167bed11cd34fb00167bed11cd34fb00167bed11cd34fb00167bed11cd34fb
2026-02-12 03:47:45.227,sec-admin01,mreyes,1,powershell.exe,"powershell.exe",launchd,,,SHA256=00044bfddb88a57400044bfddb88a57400044bfddb88a57400044bfddb88a574
2026-02-12 03:53:51.709,filesrv02,dcho,1,slack.exe,"slack.exe",launchd,,,SHA256=001988539c3d2e9a001988539c3d2e9a001988539c3d2e9a001988539c3d2e9a
2026-02-12 04:05:14.151,db-analytics-01,svc-backup,1,sshd,"sshd",explorer.exe,,,SHA256=000e752d19719a40000e752d19719a40000e752d19719a40000e752d19719a40
2026-02-12 04:13:00.641,finance-lt23,svc-backup,1,powershell.exe,"powershell.exe",systemd,,,SHA256=001db2fb4a07d157001db2fb4a07d157001db2fb4a07d157001db2fb4a07d157
2026-02-12 04:17:06.272,finance-lt23,secops,1,node,"node",explorer.exe,,,SHA256=00028e6ff370525400028e6ff370525400028e6ff370525400028e6ff3705254
2026-02-12 04:28:02.559,hr-ws11,svc-build,1,outlook.exe,"outlook.exe",systemd,,,SHA256=00116f614ca4d8fd00116f614ca4d8fd00116f614ca4d8fd00116f614ca4d8fd
2026-02-12 04:32:24.789,sec-admin01,svc-build,1,outlook.exe,"outlook.exe",explorer.exe,,,SHA256=000eef280b0cc3b0000eef280b0cc3b0000eef280b0cc3b0000eef280b0cc3b0
2026-02-12 04:38:56.982,filesrv02,mreyes,1,sshd,"sshd",explorer.exe,,,SHA256=0017b666d6263ab80017b666d6263ab80017b666d6263ab80017b666d6263ab8
2026-02-12 04:41:28.609,hr-ws11,svc-export,1,sshd,"sshd",explorer.exe,,,SHA256=0000dbcb8114844a0000dbcb8114844a0000dbcb8114844a0000dbcb8114844a
2026-02-12 04:50:14.542,finance-lt23,svc-backup,1,git,"git",explorer.exe,,,SHA256=000adef215215446000adef215215446000adef215215446000adef215215446
2026-02-12 05:00:48.214,filesrv02,npatel,1,git,"git",explorer.exe,,,SHA256=0022d126abb1d8d20022d126abb1d8d20022d126abb1d8d20022d126abb1d8d2
2026-02-12 05:04:59.623,jumphost-01,svc-build,1,node,"node",systemd,,,SHA256=000275140fc8d561000275140fc8d561000275140fc8d561000275140fc8d561
2026-02-12 05:10:30.464,jumphost-01,svc-backup,1,powershell.exe,"powershell.exe",launchd,,,SHA256=000b7d60de45dbc7000b7d60de45dbc7000b7d60de45dbc7000b7d60de45dbc7
2026-02-12 05:15:17.793,hr-ws11,mreyes,1,chrome.exe,"chrome.exe",cmd.exe,,,SHA256=0018c173aa97af6b0018c173aa97af6b0018c173aa97af6b0018c173aa97af6b
2026-02-12 05:21:48.557,sec-admin01,svc-backup,1,git,"git",cmd.exe,,,SHA256=00128c6c29eca8b900128c6c29eca8b900128c6c29eca8b900128c6c29eca8b9
2026-02-12 05:25:47.024,finance-lt23,svc-build,1,node,"node",launchd,,,SHA256=00118a942eae975a00118a942eae975a00118a942eae975a00118a942eae975a
2026-02-12 05:34:56.465,finance-lt23,dcho,1,python3,"python3",launchd,,,SHA256=0007d422bb79b7de0007d422bb79b7de0007d422bb79b7de0007d422bb79b7de
2026-02-12 05:40:49.871,filesrv02,dcho,1,powershell.exe,"powershell.exe",systemd,,,SHA256=001a9713fef9e5e5001a9713fef9e5e5001a9713fef9e5e5001a9713fef9e5e5
2026-02-12 05:48:00.319,hr-ws11,mreyes,1,slack.exe,"slack.exe",launchd,,,SHA256=001750256574d5db001750256574d5db001750256574d5db001750256574d5db
2026-02-12 05:51:31.866,finance-lt23,dcho,1,outlook.exe,"outlook.exe",explorer.exe,,,SHA256=000497388e09e1ed000497388e09e1ed000497388e09e1ed000497388e09e1ed
2026-02-12 06:01:02.329,db-analytics-01,npatel,1,sshd,"sshd",systemd,,,SHA256=000f09a2001163ca000f09a2001163ca000f09a2001163ca000f09a2001163ca
2026-02-12 06:09:29.543,finance-lt23,mreyes,1,outlook.exe,"outlook.exe",systemd,,,SHA256=000c9aad2860c130000c9aad2860c130000c9aad2860c130000c9aad2860c130
2026-02-12 06:17:45.940,filesrv02,svc-build,1,chrome.exe,"chrome.exe",cmd.exe,,,SHA256=0011bd4c48facb910011bd4c48facb910011bd4c48facb910011bd4c48facb91
2026-02-12 06:20:59.598,filesrv02,svc-build,1,node,"node",systemd,,,SHA256=001860791dfceb2c001860791dfceb2c001860791dfceb2c001860791dfceb2c
2026-02-12 06:29:14.074,jumphost-01,svc-export,1,chrome.exe,"chrome.exe",cmd.exe,,,SHA256=001956bca2d85465001956bca2d85465001956bca2d85465001956bca2d85465
2026-02-12 06:33:58.851,filesrv02,dcho,1,git,"git",explorer.exe,,,SHA256=00014dc257bf4a4f00014dc257bf4a4f00014dc257bf4a4f00014dc257bf4a4f
2026-02-12 06:39:45.405,sec-admin01,mreyes,1,git,"git",cmd.exe,,,SHA256=0002918038b9c39b0002918038b9c39b0002918038b9c39b0002918038b9c39b
2026-02-12 06:45:52.768,jumphost-01,npatel,1,sshd,"sshd",explorer.exe,,,SHA256=001a8c011764b768001a8c011764b768001a8c011764b768001a8c011764b768
2026-02-12 06:51:16.765,db-analytics-01,npatel,1,sshd,"sshd",cmd.exe,,,SHA256=00161792f8c175b100161792f8c175b100161792f8c175b100161792f8c175b1
2026-02-12 06:59:08.455,filesrv02,svc-export,1,python3,"python3",launchd,,,SHA256=000b7972beb1cb48000b7972beb1cb48000b7972beb1cb48000b7972beb1cb48
2026-02-12 07:10:32.880,db-analytics-01,secops,1,node,"node",cmd.exe,,,SHA256=001af57658c2db9b001af57658c2db9b001af57658c2db9b001af57658c2db9b
2026-02-12 07:19:56.135,filesrv02,secops,1,powershell.exe,"powershell.exe",launchd,,,SHA256=0018230edbcba2b90018230edbcba2b90018230edbcba2b90018230edbcba2b9
2026-02-12 07:26:07.787,sec-admin01,dcho,1,chrome.exe,"chrome.exe",systemd,,,SHA256=000617ec2aa08851000617ec2aa08851000617ec2aa08851000617ec2aa08851
2026-02-12 07:31:21.264,db-analytics-01,npatel,1,sshd,"sshd",systemd,,,SHA256=0018a462646860a30018a462646860a30018a462646860a30018a462646860a3
2026-02-12 07:41:35.375,filesrv02,mreyes,1,git,"git",systemd,,,SHA256=001d611ccb7f3a98001d611ccb7f3a98001d611ccb7f3a98001d611ccb7f3a98
2026-02-12 07:46:57.561,filesrv02,npatel,1,chrome.exe,"chrome.exe",explorer.exe,,,SHA256=0003da28b6307a7a0003da28b6307a7a0003da28b6307a7a0003da28b6307a7a
2026-02-12 07:52:49.655,sec-admin01,svc-backup,1,git,"git",launchd,,,SHA256=00181809d1df8f0e00181809d1df8f0e00181809d1df8f0e00181809d1df8f0e
2026-02-12 07:55:29.343,jumphost-01,svc-build,1,git,"git",cmd.exe,,,SHA256=00030b7dc92f1aed00030b7dc92f1aed00030b7dc92f1aed00030b7dc92f1aed
2026-02-12 07:59:48.450,finance-lt23,dcho,1,sshd,"sshd",cmd.exe,,,SHA256=000076b304f7467a000076b304f7467a000076b304f7467a000076b304f7467a
2026-02-12 08:09:59.692,sec-admin01,secops,1,node,"node",launchd,,,SHA256=0021f776296f26cc0021f776296f26cc0021f776296f26cc0021f776296f26cc
2026-02-12 08:16:37.357,sec-admin01,dcho,1,git,"git",systemd,,,SHA256=0015e72e8d6b4c550015e72e8d6b4c550015e72e8d6b4c550015e72e8d6b4c55
2026-02-12 08:22:39.107,sec-admin01,svc-build,1,sshd,"sshd",cmd.exe,,,SHA256=00222b7d3815b03a00222b7d3815b03a00222b7d3815b03a00222b7d3815b03a
2026-02-12 08:30:03.938,hr-ws11,dcho,1,sshd,"sshd",launchd,,,SHA256=0005fa878611e9920005fa878611e9920005fa878611e9920005fa878611e992
2026-02-12 08:32:57.407,jumphost-01,dcho,1,powershell.exe,"powershell.exe",explorer.exe,,,SHA256=00016896d03ae41100016896d03ae41100016896d03ae41100016896d03ae411
2026-02-12 08:36:35.217,filesrv02,dcho,1,powershell.exe,"powershell.exe",systemd,,,SHA256=00137519ab64cfb500137519ab64cfb500137519ab64cfb500137519ab64cfb5
2026-02-12 08:39:59.788,filesrv02,mreyes,1,git,"git",explorer.exe,,,SHA256=00216c00caa6bd9c00216c00caa6bd9c00216c00caa6bd9c00216c00caa6bd9c
2026-02-12 08:48:44.708,sec-admin01,secops,1,sshd,"sshd",launchd,,,SHA256=00226068900ae81200226068900ae81200226068900ae81200226068900ae812
2026-02-12 08:57:56.058,filesrv02,mreyes,1,node,"node",launchd,,,SHA256=0008516d77870c710008516d77870c710008516d77870c710008516d77870c71
2026-02-12 09:00:58.299,hr-ws11,secops,1,chrome.exe,"chrome.exe",systemd,,,SHA256=0003e45e7bc713630003e45e7bc713630003e45e7bc713630003e45e7bc71363
2026-02-12 09:11:50.193,sec-admin01,mreyes,1,slack.exe,"slack.exe",cmd.exe,,,SHA256=002335bbc78b98ac002335bbc78b98ac002335bbc78b98ac002335bbc78b98ac
2026-02-12 09:16:41.458,finance-lt23,secops,1,outlook.exe,"outlook.exe",launchd,,,SHA256=001834402daa4590001834402daa4590001834402daa4590001834402daa4590
2026-02-12 09:22:25.492,hr-ws11,mreyes,1,sshd,"sshd",cmd.exe,,,SHA256=0006fdfdfd3671560006fdfdfd3671560006fdfdfd3671560006fdfdfd367156
2026-02-12 09:31:33.343,sec-admin01,dcho,1,powershell.exe,"powershell.exe",launchd,,,SHA256=000277e6f8cda9b8000277e6f8cda9b8000277e6f8cda9b8000277e6f8cda9b8
2026-02-12 09:42:18.732,db-analytics-01,svc-backup,1,sshd,"sshd",explorer.exe,,,SHA256=0006a346437eb10c0006a346437eb10c0006a346437eb10c0006a346437eb10c
2026-02-12 09:51:46.535,jumphost-01,npatel,1,node,"node",explorer.exe,,,SHA256=00004ff6b2baba8500004ff6b2baba8500004ff6b2baba8500004ff6b2baba85
2026-02-12 09:56:44.842,jumphost-01,svc-build,1,sshd,"sshd",cmd.exe,,,SHA256=00173f5a89b744f100173f5a89b744f100173f5a89b744f100173f5a89b744f1
2026-02-12 10:04:14.223,jumphost-01,svc-export,1,node,"node",explorer.exe,,,SHA256=000f9d1bd7537ab0000f9d1bd7537ab0000f9d1bd7537ab0000f9d1bd7537ab0
2026-02-12 10:11:51.741,filesrv02,npatel,1,slack.exe,"slack.exe",launchd,,,SHA256=0000ec5d0ee381d90000ec5d0ee381d90000ec5d0ee381d90000ec5d0ee381d9
2026-02-12 10:17:19.796,finance-lt23,npatel,1,outlook.exe,"outlook.exe",cmd.exe,,,SHA256=0022a70833b739d20022a70833b739d20022a70833b739d20022a70833b739d2
2026-02-12 10:22:53.120,hr-ws11,svc-backup,1,python3,"python3",launchd,,,SHA256=0008f80e5b3093b50008f80e5b3093b50008f80e5b3093b50008f80e5b3093b5
2026-02-12 10:30:06.947,hr-ws11,svc-build,1,sshd,"sshd",cmd.exe,,,SHA256=00173c609daf916b00173c609daf916b00173c609daf916b00173c609daf916b
2026-02-12 10:33:45.071,hr-ws11,svc-build,1,node,"node",explorer.exe,,,SHA256=000b0e841472133b000b0e841472133b000b0e841472133b000b0e841472133b
2026-02-12 10:43:41.484,finance-lt23,dcho,1,python3,"python3",systemd,,,SHA256=001fa7ccf5af8636001fa7ccf5af8636001fa7ccf5af8636001fa7ccf5af8636
2026-02-12 10:50:00.569,filesrv02,secops,1,outlook.exe,"outlook.exe",systemd,,,SHA256=002262f6dd554dda002262f6dd554dda002262f6dd554dda002262f6dd554dda
2026-02-12 10:57:19.182,finance-lt23,svc-export,1,chrome.exe,"chrome.exe",launchd,,,SHA256=001cc8f1514ef9ae001cc8f1514ef9ae001cc8f1514ef9ae001cc8f1514ef9ae
2026-02-12 11:07:53.972,hr-ws11,svc-build,1,outlook.exe,"outlook.exe",explorer.exe,,,SHA256=0015144d45840bdb0015144d45840bdb0015144d45840bdb0015144d45840bdb
2026-02-12 11:17:07.154,hr-ws11,dcho,1,powershell.exe,"powershell.exe",cmd.exe,,,SHA256=000d367321b6d7da000d367321b6d7da000d367321b6d7da000d367321b6d7da
2026-02-12 11:19:55.810,finance-lt23,npatel,1,git,"git",launchd,,,SHA256=0002f4c30385e0d80002f4c30385e0d80002f4c30385e0d80002f4c30385e0d8
2026-02-12 11:23:49.309,sec-admin01,secops,1,powershell.exe,"powershell.exe",cmd.exe,,,SHA256=00227b4a6bc8ad6000227b4a6bc8ad6000227b4a6bc8ad6000227b4a6bc8ad60
2026-02-12 11:32:16.248,hr-ws11,secops,1,powershell.exe,"powershell.exe",launchd,,,SHA256=00064aa305bc526400064aa305bc526400064aa305bc526400064aa305bc5264
2026-02-12 11:39:19.616,db-analytics-01,svc-backup,1,chrome.exe,"chrome.exe",systemd,,,SHA256=000f13fcd20391c9000f13fcd20391c9000f13fcd20391c9000f13fcd20391c9
2026-02-12 11:50:43.768,finance-lt23,svc-backup,1,git,"git",systemd,,,SHA256=0019b666dd6060f30019b666dd6060f30019b666dd6060f30019b666dd6060f3
2026-02-12 11:53:30.014,hr-ws11,svc-build,1,chrome.exe,"chrome.exe",launchd,,,SHA256=0012c3fff6ed92100012c3fff6ed92100012c3fff6ed92100012c3fff6ed9210
2026-02-12 11:57:03.700,db-analytics-01,svc-export,1,powershell.exe,"powershell.exe",systemd,,,SHA256=00187fdfd50d3f0a00187fdfd50d3f0a00187fdfd50d3f0a00187fdfd50d3f0a
2026-02-12 12:02:52.917,jumphost-01,mreyes,1,python3,"python3",cmd.exe,,,SHA256=0015049fb5cc076f0015049fb5cc076f0015049fb5cc076f0015049fb5cc076f
2026-02-12 12:06:49.380,hr-ws11,svc-export,1,python3,"python3",systemd,,,SHA256=002202a1ef9742ac002202a1ef9742ac002202a1ef9742ac002202a1ef9742ac
2026-02-12 12:16:41.411,jumphost-01,secops,1,node,"node",cmd.exe,,,SHA256=00168bdb1f17866b00168bdb1f17866b00168bdb1f17866b00168bdb1f17866b
2026-02-12 12:22:56.846,filesrv02,svc-build,1,powershell.exe,"powershell.exe",launchd,,,SHA256=000780486ad25d01000780486ad25d01000780486ad25d01000780486ad25d01
2026-02-12 12:33:43.350,finance-lt23,svc-build,1,slack.exe,"slack.exe",systemd,,,SHA256=0005c36b2b62521f0005c36b2b62521f0005c36b2b62521f0005c36b2b62521f
2026-02-12 12:38:42.075,hr-ws11,dcho,1,python3,"python3",cmd.exe,,,SHA256=001035875775a44a001035875775a44a001035875775a44a001035875775a44a
2026-02-12 12:47:28.686,hr-ws11,mreyes,1,outlook.exe,"outlook.exe",systemd,,,SHA256=001882b84dee7fc8001882b84dee7fc8001882b84dee7fc8001882b84dee7fc8
2026-02-12 12:56:37.925,jumphost-01,svc-export,1,outlook.exe,"outlook.exe",explorer.exe,,,SHA256=002268bddc93bc04002268bddc93bc04002268bddc93bc04002268bddc93bc04
2026-02-12 13:00:02.496,filesrv02,secops,1,node,"node",systemd,,,SHA256=000fb54ff10d3691000fb54ff10d3691000fb54ff10d3691000fb54ff10d3691
2026-02-12 13:09:36.050,filesrv02,dcho,1,slack.exe,"slack.exe",launchd,,,SHA256=0019a74d3ef927590019a74d3ef927590019a74d3ef927590019a74d3ef92759
2026-02-12 13:15:59.288,jumphost-01,svc-export,1,outlook.exe,"outlook.exe",launchd,,,SHA256=001fd0830aafb79f001fd0830aafb79f001fd0830aafb79f001fd0830aafb79f
2026-02-12 13:26:57.182,filesrv02,npatel,1,sshd,"sshd",explorer.exe,,,SHA256=0014ff3eb7d4d1ce0014ff3eb7d4d1ce0014ff3eb7d4d1ce0014ff3eb7d4d1ce
2026-02-12 13:36:47.301,hr-ws11,svc-export,1,git,"git",launchd,,,SHA256=000323f5ee961a5d000323f5ee961a5d000323f5ee961a5d000323f5ee961a5d
2026-02-12 13:46:21.316,sec-admin01,svc-build,1,outlook.exe,"outlook.exe",cmd.exe,,,SHA256=001f004881035a29001f004881035a29001f004881035a29001f004881035a29
2026-02-12 13:48:54.637,hr-ws11,dcho,1,outlook.exe,"outlook.exe",explorer.exe,,,SHA256=001ee2d7426ce90b001ee2d7426ce90b001ee2d7426ce90b001ee2d7426ce90b
2026-02-12 13:53:47.431,jumphost-01,svc-backup,1,sshd,"sshd",cmd.exe,,,SHA256=0020fd69e690eba20020fd69e690eba20020fd69e690eba20020fd69e690eba2
2026-02-12 13:57:02.176,sec-admin01,svc-export,1,powershell.exe,"powershell.exe",explorer.exe,,,SHA256=0011f679835d09840011f679835d09840011f679835d09840011f679835d0984
2026-02-12 13:59:40.532,jumphost-01,secops,1,python3,"python3",explorer.exe,,,SHA256=00233971baaeb14c00233971baaeb14c00233971baaeb14c00233971baaeb14c
2026-02-12 14:09:31.373,jumphost-01,svc-backup,1,sshd,"sshd",explorer.exe,,,SHA256=000b80f696c99e4d000b80f696c99e4d000b80f696c99e4d000b80f696c99e4d
2026-02-12 14:13:01.905,finance-lt23,svc-build,1,outlook.exe,"outlook.exe",systemd,,,SHA256=000f60d086c32fc5000f60d086c32fc5000f60d086c32fc5000f60d086c32fc5
2026-02-12 14:22:28.135,hr-ws11,svc-build,1,sshd,"sshd",explorer.exe,,,SHA256=000ad62d2e1dcbe5000ad62d2e1dcbe5000ad62d2e1dcbe5000ad62d2e1dcbe5
2026-02-12 14:33:06.613,finance-lt23,dcho,1,python3,"python3",systemd,,,SHA256=00016f241cfa111b00016f241cfa111b00016f241cfa111b00016f241cfa111b
2026-02-12 14:39:27.127,hr-ws11,svc-backup,1,sshd,"sshd",cmd.exe,,,SHA256=001c9f1f43758e4b001c9f1f43758e4b001c9f1f43758e4b001c9f1f43758e4b
2026-02-12 14:49:50.379,filesrv02,dcho,1,powershell.exe,"powershell.exe",launchd,,,SHA256=0003917fcd982f000003917fcd982f000003917fcd982f000003917fcd982f00
2026-02-12 15:00:13.959,jumphost-01,mreyes,1,chrome.exe,"chrome.exe",launchd,,,SHA256=001d583528fc0aca001d583528fc0aca001d583528fc0aca001d583528fc0aca
2026-02-12 15:08:56.127,filesrv02,dcho,1,python3,"python3",launchd,,,SHA256=000bd9733bd6e730000bd9733bd6e730000bd9733bd6e730000bd9733bd6e730
2026-02-12 15:19:25.836,filesrv02,npatel,1,node,"node",systemd,,,SHA256=0011b9b11c5c0a0b0011b9b11c5c0a0b0011b9b11c5c0a0b0011b9b11c5c0a0b
2026-02-12 15:29:28.585,db-analytics-01,secops,1,sshd,"sshd",explorer.exe,,,SHA256=0022c5ed5bb306220022c5ed5bb306220022c5ed5bb306220022c5ed5bb30622
2026-02-12 15:35:24.399,finance-lt23,svc-backup,1,outlook.exe,"outlook.exe",systemd,,,SHA256=001993275f40865b001993275f40865b001993275f40865b001993275f40865b
2026-02-12 15:43:13.468,jumphost-01,svc-build,1,git,"git",launchd,,,SHA256=00146d0bff07d3ec00146d0bff07d3ec00146d0bff07d3ec00146d0bff07d3ec
2026-02-12 15:51:17.574,filesrv02,npatel,1,python3,"python3",launchd,,,SHA256=0003352c801a7a3a0003352c801a7a3a0003352c801a7a3a0003352c801a7a3a
2026-02-12 15:54:55.897,filesrv02,svc-build,1,python3,"python3",launchd,,,SHA256=000854e710cd0f79000854e710cd0f79000854e710cd0f79000854e710cd0f79
2026-02-12 16:03:20.402,filesrv02,svc-export,1,git,"git",launchd,,,SHA256=00153292e79c5b2700153292e79c5b2700153292e79c5b2700153292e79c5b27
2026-02-12 16:06:20.813,filesrv02,svc-export,1,chrome.exe,"chrome.exe",systemd,,,SHA256=00104468bf26e3f000104468bf26e3f000104468bf26e3f000104468bf26e3f0
2026-02-12 16:16:27.929,sec-admin01,secops,1,slack.exe,"slack.exe",cmd.exe,,,SHA256=0018bf0cf36aecaa0018bf0cf36aecaa0018bf0cf36aecaa0018bf0cf36aecaa
2026-02-12 16:25:36.307,hr-ws11,svc-export,1,outlook.exe,"outlook.exe",launchd,,,SHA256=001bddbaeaff245e001bddbaeaff245e001bddbaeaff245e001bddbaeaff245e
2026-02-12 16:32:06.373,hr-ws11,npatel,1,powershell.exe,"powershell.exe",launchd,,,SHA256=001a1255972157a1001a1255972157a1001a1255972157a1001a1255972157a1
2026-02-12 16:35:08.860,db-analytics-01,dcho,1,git,"git",launchd,,,SHA256=001d623192c359a5001d623192c359a5001d623192c359a5001d623192c359a5
2026-02-12 16:43:11.900,db-analytics-01,svc-build,1,chrome.exe,"chrome.exe",systemd,,,SHA256=001e602073c9b1cd001e602073c9b1cd001e602073c9b1cd001e602073c9b1cd
2026-02-12 16:51:17.675,jumphost-01,npatel,1,powershell.exe,"powershell.exe",launchd,,,SHA256=00115a641a126ea900115a641a126ea900115a641a126ea900115a641a126ea9
2026-02-12 16:57:19.467,jumphost-01,svc-export,1,sshd,"sshd",launchd,,,SHA256=001e20459ab8619e001e20459ab8619e001e20459ab8619e001e20459ab8619e
2026-02-12 17:04:03.343,db-analytics-01,mreyes,1,chrome.exe,"chrome.exe",cmd.exe,,,SHA256=000e53bb3b5806b6000e53bb3b5806b6000e53bb3b5806b6000e53bb3b5806b6
2026-02-12 17:09:47.330,hr-ws11,svc-build,1,chrome.exe,"chrome.exe",explorer.exe,,,SHA256=001477eeff5e0a3d001477eeff5e0a3d001477eeff5e0a3d001477eeff5e0a3d
2026-02-12 17:19:44.265,db-analytics-01,dcho,1,outlook.exe,"outlook.exe",cmd.exe,,,SHA256=0020319ebd00ca360020319ebd00ca360020319ebd00ca360020319ebd00ca36
2026-02-12 17:23:35.911,filesrv02,svc-export,1,slack.exe,"slack.exe",explorer.exe,,,SHA256=0020fd3ca754ebda0020fd3ca754ebda0020fd3ca754ebda0020fd3ca754ebda
2026-02-12 17:30:22.338,jumphost-01,npatel,1,outlook.exe,"outlook.exe",systemd,,,SHA256=0002800f7f6535930002800f7f6535930002800f7f6535930002800f7f653593
2026-02-12 17:33:02.874,hr-ws11,npatel,1,chrome.exe,"chrome.exe",systemd,,,SHA256=00104dd51519e43600104dd51519e43600104dd51519e43600104dd51519e436
2026-02-12 17:41:57.561,db-analytics-01,svc-backup,1,python3,"python3",cmd.exe,,,SHA256=0015d5bd0241b6690015d5bd0241b6690015d5bd0241b6690015d5bd0241b669
2026-02-12 17:44:49.361,db-analytics-01,secops,1,powershell.exe,"powershell.exe",explorer.exe,,,SHA256=0004c8ad71a27b720004c8ad71a27b720004c8ad71a27b720004c8ad71a27b72
2026-02-12 17:47:59.337,hr-ws11,dcho,1,node,"node",launchd,,,SHA256=0019c23cd52022ee0019c23cd52022ee0019c23cd52022ee0019c23cd52022ee
2026-02-12 17:57:15.487,hr-ws11,npatel,1,git,"git",cmd.exe,,,SHA256=001eda8d5bd5a918001eda8d5bd5a918001eda8d5bd5a918001eda8d5bd5a918
2026-02-12 18:01:40.360,jumphost-01,svc-export,1,chrome.exe,"chrome.exe",cmd.exe,,,SHA256=00032bcf743ed7a400032bcf743ed7a400032bcf743ed7a400032bcf743ed7a4
2026-02-12 18:06:36.286,jumphost-01,mreyes,1,slack.exe,"slack.exe",explorer.exe,,,SHA256=001ac7647b733d69001ac7647b733d69001ac7647b733d69001ac7647b733d69
2026-02-12 18:14:47.117,jumphost-01,dcho,1,chrome.exe,"chrome.exe",launchd,,,SHA256=0018789bfc3e07400018789bfc3e07400018789bfc3e07400018789bfc3e0740
2026-02-12 18:18:52.459,jumphost-01,svc-backup,1,powershell.exe,"powershell.exe",cmd.exe,,,SHA256=0006433700a71ae80006433700a71ae80006433700a71ae80006433700a71ae8
2026-02-12 18:22:59.154,finance-lt23,svc-backup,1,powershell.exe,"powershell.exe",systemd,,,SHA256=00053e14965e08d400053e14965e08d400053e14965e08d400053e14965e08d4
2026-02-12 18:32:03.384,filesrv02,svc-build,1,slack.exe,"slack.exe",launchd,,,SHA256=0007ef5acb1eac250007ef5acb1eac250007ef5acb1eac250007ef5acb1eac25
2026-02-12 18:38:57.377,finance-lt23,mreyes,1,chrome.exe,"chrome.exe",explorer.exe,,,SHA256=0018409f04e2b0430018409f04e2b0430018409f04e2b0430018409f04e2b043
2026-02-12 18:43:12.964,finance-lt23,dcho,1,python3,"python3",cmd.exe,,,SHA256=00023d6c4a7b41cd00023d6c4a7b41cd00023d6c4a7b41cd00023d6c4a7b41cd
2026-02-12 18:52:39.787,jumphost-01,mreyes,1,powershell.exe,"powershell.exe",cmd.exe,,,SHA256=0021ea50e0e7fce40021ea50e0e7fce40021ea50e0e7fce40021ea50e0e7fce4
2026-02-12 18:58:12.033,sec-admin01,dcho,1,node,"node",launchd,,,SHA256=0007a21135ad44f10007a21135ad44f10007a21135ad44f10007a21135ad44f1
2026-02-12 19:06:31.170,sec-admin01,svc-export,1,slack.exe,"slack.exe",systemd,,,SHA256=000cf002c7a2aa77000cf002c7a2aa77000cf002c7a2aa77000cf002c7a2aa77
2026-02-12 19:12:24.155,sec-admin01,svc-build,1,slack.exe,"slack.exe",cmd.exe,,,SHA256=001f664ff7226996001f664ff7226996001f664ff7226996001f664ff7226996
2026-02-12 19:23:11.398,hr-ws11,svc-backup,1,chrome.exe,"chrome.exe",systemd,,,SHA256=0015051cac0a70470015051cac0a70470015051cac0a70470015051cac0a7047
2026-02-12 19:34:14.769,db-analytics-01,svc-export,1,node,"node",systemd,,,SHA256=001bb72643b14d7c001bb72643b14d7c001bb72643b14d7c001bb72643b14d7c
2026-02-12 19:41:15.102,finance-lt23,svc-export,1,node,"node",launchd,,,SHA256=000f2ca4eb26fa9f000f2ca4eb26fa9f000f2ca4eb26fa9f000f2ca4eb26fa9f
2026-02-12 19:51:46.780,db-analytics-01,npatel,1,node,"node",systemd,,,SHA256=000366e10e9b2f30000366e10e9b2f30000366e10e9b2f30000366e10e9b2f30
2026-02-12 20:01:53.635,jumphost-01,dcho,1,slack.exe,"slack.exe",cmd.exe,,,SHA256=0006a2c9183cea710006a2c9183cea710006a2c9183cea710006a2c9183cea71
2026-02-12 20:11:58.794,hr-ws11,npatel,1,slack.exe,"slack.exe",cmd.exe,,,SHA256=0013e909dba1a9570013e909dba1a9570013e909dba1a9570013e909dba1a957
2026-02-12 20:20:18.323,filesrv02,svc-export,1,powershell.exe,"powershell.exe",explorer.exe,,,SHA256=00095d8619e8674300095d8619e8674300095d8619e8674300095d8619e86743
2026-02-12 20:23:05.338,finance-lt23,svc-build,1,chrome.exe,"chrome.exe",explorer.exe,,,SHA256=001a96363ae39e33001a96363ae39e33001a96363ae39e33001a96363ae39e33
2026-02-12 20:31:22.172,jumphost-01,svc-build,1,slack.exe,"slack.exe",explorer.exe,,,SHA256=00159da767b90f5c00159da767b90f5c00159da767b90f5c00159da767b90f5c
2026-02-12 20:40:31.526,sec-admin01,mreyes,1,slack.exe,"slack.exe",cmd.exe,,,SHA256=00020ef76273bf7800020ef76273bf7800020ef76273bf7800020ef76273bf78
2026-02-12 20:49:45.297,sec-admin01,secops,1,node,"node",systemd,,,SHA256=0006b37e55cb522e0006b37e55cb522e0006b37e55cb522e0006b37e55cb522e
2026-02-12 20:54:37.757,db-analytics-01,dcho,1,slack.exe,"slack.exe",launchd,,,SHA256=000149378bb25e54000149378bb25e54000149378bb25e54000149378bb25e54
2026-02-12 21:05:27.477,finance-lt23,dcho,1,powershell.exe,"powershell.exe",explorer.exe,,,SHA256=00199f2b2690810500199f2b2690810500199f2b2690810500199f2b26908105
2026-02-12 21:11:43.160,finance-lt23,secops,1,git,"git",launchd,,,SHA256=00227395442d6fba00227395442d6fba00227395442d6fba00227395442d6fba
2026-02-12 21:18:19.347,filesrv02,svc-backup,1,sshd,"sshd",systemd,,,SHA256=0008120feb9421ef0008120feb9421ef0008120feb9421ef0008120feb9421ef
2026-02-12 21:28:39.610,filesrv02,mreyes,1,node,"node",systemd,,,SHA256=00207a8f6b82f0f200207a8f6b82f0f200207a8f6b82f0f200207a8f6b82f0f2
2026-02-12 21:36:01.890,jumphost-01,mreyes,1,git,"git",cmd.exe,,,SHA256=000740be70a350ed000740be70a350ed000740be70a350ed000740be70a350ed
2026-02-12 21:46:21.287,sec-admin01,dcho,1,slack.exe,"slack.exe",explorer.exe,,,SHA256=0014c14774ae185d0014c14774ae185d0014c14774ae185d0014c14774ae185d
2026-02-12 21:52:31.992,jumphost-01,dcho,1,node,"node",explorer.exe,,,SHA256=00107b1534f93b5a00107b1534f93b5a00107b1534f93b5a00107b1534f93b5a
2026-02-12 21:56:17.861,jumphost-01,npatel,1,sshd,"sshd",explorer.exe,,,SHA256=001b8b42b146fe8b001b8b42b146fe8b001b8b42b146fe8b001b8b42b146fe8b
2026-02-12 22:01:49.963,filesrv02,dcho,1,node,"node",cmd.exe,,,SHA256=00211a99b6f1019a00211a99b6f1019a00211a99b6f1019a00211a99b6f1019a
2026-02-12 22:04:32.516,sec-admin01,svc-build,1,git,"git",launchd,,,SHA256=000888333401ab81000888333401ab81000888333401ab81000888333401ab81
2026-02-12 22:09:33.052,jumphost-01,svc-export,1,powershell.exe,"powershell.exe",launchd,,,SHA256=0021ef6449d08b060021ef6449d08b060021ef6449d08b060021ef6449d08b06
2026-02-12 22:13:09.138,hr-ws11,svc-export,1,slack.exe,"slack.exe",launchd,,,SHA256=0006c6a89427b4450006c6a89427b4450006c6a89427b4450006c6a89427b445
2026-02-12 22:24:37.089,db-analytics-01,npatel,1,outlook.exe,"outlook.exe",cmd.exe,,,SHA256=002096f065be1816002096f065be1816002096f065be1816002096f065be1816
2026-02-12 22:27:26.149,db-analytics-01,svc-backup,1,chrome.exe,"chrome.exe",cmd.exe,,,SHA256=001e22624ce2d4ae001e22624ce2d4ae001e22624ce2d4ae001e22624ce2d4ae
2026-02-12 22:37:56.550,hr-ws11,dcho,1,python3,"python3",launchd,,,SHA256=00073d7630979ecf00073d7630979ecf00073d7630979ecf00073d7630979ecf
2026-02-12 22:48:57.546,filesrv02,npatel,1,node,"node",cmd.exe,,,SHA256=00195266f8f8316900195266f8f8316900195266f8f8316900195266f8f83169
2026-02-12 22:59:51.416,filesrv02,svc-backup,1,powershell.exe,"powershell.exe",systemd,,,SHA256=001d146326a23d6e001d146326a23d6e001d146326a23d6e001d146326a23d6e
2026-02-12 23:03:34.881,finance-lt23,svc-build,1,node,"node",systemd,,,SHA256=0010de3a59bb2e4d0010de3a59bb2e4d0010de3a59bb2e4d0010de3a59bb2e4d
2026-02-12 23:09:37.381,filesrv02,svc-backup,1,chrome.exe,"chrome.exe",explorer.exe,,,SHA256=0006f5a50c5e4f540006f5a50c5e4f540006f5a50c5e4f540006f5a50c5e4f54
2026-02-12 23:18:27.001,finance-lt23,mreyes,1,chrome.exe,"chrome.exe",systemd,,,SHA256=001a48f9072204e1001a48f9072204e1001a48f9072204e1001a48f9072204e1
2026-02-12 23:23:14.029,filesrv02,svc-backup,1,git,"git",systemd,,,SHA256=000037efb427f033000037efb427f033000037efb427f033000037efb427f033
2026-02-12 23:26:07.521,jumphost-01,mreyes,1,sshd,"sshd",cmd.exe,,,SHA256=00231fe91e68872c00231fe91e68872c00231fe91e68872c00231fe91e68872c
2026-02-12 23:33:13.770,sec-admin01,npatel,1,powershell.exe,"powershell.exe",cmd.exe,,,SHA256=000006f56c81f978000006f56c81f978000006f56c81f978000006f56c81f978
2026-02-12 23:43:43.102,db-analytics-01,svc-export,1,powershell.exe,"powershell.exe",explorer.exe,,,SHA256=000fcb2ad256babf000fcb2ad256babf000fcb2ad256babf000fcb2ad256babf
2026-02-12 23:53:12.428,hr-ws11,svc-backup,1,sshd,"sshd",explorer.exe,,,SHA256=0006eb6a1a8fc5fa0006eb6a1a8fc5fa0006eb6a1a8fc5fa0006eb6a1a8fc5fa
2026-02-13 00:04:08.760,jumphost-01,svc-backup,1,sshd,"sshd",cmd.exe,,,SHA256=001b59fdec703801001b59fdec703801001b59fdec703801001b59fdec703801
2026-02-13 00:14:10.507,hr-ws11,svc-backup,1,git,"git",systemd,,,SHA256=00212432c89047e400212432c89047e400212432c89047e400212432c89047e4
2026-02-13 00:20:19.532,sec-admin01,svc-build,1,git,"git",systemd,,,SHA256=001b20558cb779b8001b20558cb779b8001b20558cb779b8001b20558cb779b8
2026-02-13 00:23:52.278,filesrv02,secops,1,slack.exe,"slack.exe",explorer.exe,,,SHA256=0016995869a73cdd0016995869a73cdd0016995869a73cdd0016995869a73cdd
2026-02-13 00:35:20.960,jumphost-01,svc-backup,1,powershell.exe,"powershell.exe",systemd,,,SHA256=001118c1dafb88de001118c1dafb88de001118c1dafb88de001118c1dafb88de
2026-02-13 00:39:37.969,filesrv02,svc-backup,1,git,"git",systemd,,,SHA256=0009d1971dfa8c7f0009d1971dfa8c7f0009d1971dfa8c7f0009d1971dfa8c7f
2026-02-13 00:43:23.990,jumphost-01,npatel,1,powershell.exe,"powershell.exe",cmd.exe,,,SHA256=001001260076b0a3001001260076b0a3001001260076b0a3001001260076b0a3
2026-02-13 00:53:22.445,jumphost-01,npatel,1,outlook.exe,"outlook.exe",explorer.exe,,,SHA256=001f1557d3c31cf9001f1557d3c31cf9001f1557d3c31cf9001f1557d3c31cf9
2026-02-13 01:00:22.978,hr-ws11,secops,1,slack.exe,"slack.exe",explorer.exe,,,SHA256=00200e6ba7c826c000200e6ba7c826c000200e6ba7c826c000200e6ba7c826c0
2026-02-13 01:03:41.918,db-analytics-01,svc-backup,1,git,"git",systemd,,,SHA256=0014568f78f4a9fe0014568f78f4a9fe0014568f78f4a9fe0014568f78f4a9fe
2026-02-13 01:06:58.659,hr-ws11,svc-backup,1,slack.exe,"slack.exe",explorer.exe,,,SHA256=0006cb733ebcd3fd0006cb733ebcd3fd0006cb733ebcd3fd0006cb733ebcd3fd
2026-02-13 01:15:08.312,jumphost-01,npatel,1,chrome.exe,"chrome.exe",systemd,,,SHA256=000264a06c9269f0000264a06c9269f0000264a06c9269f0000264a06c9269f0
2026-02-13 01:22:01.022,finance-lt23,svc-backup,1,powershell.exe,"powershell.exe",systemd,,,SHA256=001d57c2bf14a904001d57c2bf14a904001d57c2bf14a904001d57c2bf14a904
2026-02-13 01:25:59.083,filesrv02,svc-build,1,outlook.exe,"outlook.exe",cmd.exe,,,SHA256=0010a76a90dd8d510010a76a90dd8d510010a76a90dd8d510010a76a90dd8d51
2026-02-13 01:28:50.194,finance-lt23,dcho,1,outlook.exe,"outlook.exe",explorer.exe,,,SHA256=001bc4d5d7032b66001bc4d5d7032b66001bc4d5d7032b66001bc4d5d7032b66
2026-02-13 01:37:08.372,db-analytics-01,npatel,1,python3,"python3",cmd.exe,,,SHA256=001e9e3b05d1e467001e9e3b05d1e467001e9e3b05d1e467001e9e3b05d1e467
2026-02-13 01:48:26.532,filesrv02,secops,1,git,"git",cmd.exe,,,SHA256=00009bed994e26ed00009bed994e26ed00009bed994e26ed00009bed994e26ed
2026-02-13 01:57:53.522,filesrv02,npatel,1,slack.exe,"slack.exe",systemd,,,SHA256=0004ac31e012372f0004ac31e012372f0004ac31e012372f0004ac31e012372f
2026-02-13 02:08:04.257,db-analytics-01,svc-build,1,node,"node",cmd.exe,,,SHA256=000d0ebbc5a9af23000d0ebbc5a9af23000d0ebbc5a9af23000d0ebbc5a9af23
2026-02-13 02:17:29.110,sec-admin01,secops,1,sshd,"sshd",cmd.exe,,,SHA256=001deccfbe0f1b87001deccfbe0f1b87001deccfbe0f1b87001deccfbe0f1b87
2026-02-13 02:26:56.103,finance-lt23,svc-build,1,git,"git",explorer.exe,,,SHA256=000856ca6037dd21000856ca6037dd21000856ca6037dd21000856ca6037dd21
2026-02-13 02:34:48.763,filesrv02,mreyes,1,git,"git",launchd,,,SHA256=0007d2ca0c5655960007d2ca0c5655960007d2ca0c5655960007d2ca0c565596
2026-02-13 02:39:39.563,hr-ws11,svc-export,1,outlook.exe,"outlook.exe",launchd,,,SHA256=001a91717751f59c001a91717751f59c001a91717751f59c001a91717751f59c
2026-02-13 02:42:33.159,filesrv02,svc-export,1,sshd,"sshd",launchd,,,SHA256=0012fb83ea580e7e0012fb83ea580e7e0012fb83ea580e7e0012fb83ea580e7e
2026-02-13 02:52:08.429,hr-ws11,secops,1,chrome.exe,"chrome.exe",launchd,,,SHA256=000b32081c88e32c000b32081c88e32c000b32081c88e32c000b32081c88e32c
2026-02-13 02:57:30.733,db-analytics-01,svc-backup,1,sshd,"sshd",launchd,,,SHA256=000f16093e586d44000f16093e586d44000f16093e586d44000f16093e586d44
2026-02-13 03:02:16.483,finance-lt23,secops,1,slack.exe,"slack.exe",systemd,,,SHA256=001a454a466930dd001a454a466930dd001a454a466930dd001a454a466930dd
2026-02-13 03:05:55.743,finance-lt23,secops,1,node,"node",launchd,,,SHA256=00229255917c5dfe00229255917c5dfe00229255917c5dfe00229255917c5dfe
2026-02-13 03:17:13.285,jumphost-01,svc-build,1,slack.exe,"slack.exe",launchd,,,SHA256=000b5534f84ef0fa000b5534f84ef0fa000b5534f84ef0fa000b5534f84ef0fa
2026-02-13 03:22:56.462,db-analytics-01,secops,1,slack.exe,"slack.exe",cmd.exe,,,SHA256=00140e9ab794933c00140e9ab794933c00140e9ab794933c00140e9ab794933c
2026-02-13 03:25:35.152,hr-ws11,secops,1,git,"git",launchd,,,SHA256=001580a2ecf93c17001580a2ecf93c17001580a2ecf93c17001580a2ecf93c17
2026-02-13 03:35:24.398,jumphost-01,secops,1,outlook.exe,"outlook.exe",launchd,,,SHA256=001da76cd66a0dba001da76cd66a0dba001da76cd66a0dba001da76cd66a0dba
2026-02-13 03:45:07.535,finance-lt23,svc-build,1,chrome.exe,"chrome.exe",launchd,,,SHA256=001a4b7f7988345f001a4b7f7988345f001a4b7f7988345f001a4b7f7988345f
2026-02-13 03:53:43.569,hr-ws11,dcho,1,sshd,"sshd",launchd,,,SHA256=0008f1e5e791b6450008f1e5e791b6450008f1e5e791b6450008f1e5e791b645
2026-02-13 04:00:18.127,hr-ws11,dcho,1,powershell.exe,"powershell.exe",cmd.exe,,,SHA256=001354a47eefb91e001354a47eefb91e001354a47eefb91e001354a47eefb91e
2026-02-13 04:08:16.972,sec-admin01,mreyes,1,powershell.exe,"powershell.exe",explorer.exe,,,SHA256=000496045fecd5ed000496045fecd5ed000496045fecd5ed000496045fecd5ed
2026-02-13 04:13:13.175,hr-ws11,secops,1,outlook.exe,"outlook.exe",explorer.exe,,,SHA256=001b9af473f83690001b9af473f83690001b9af473f83690001b9af473f83690
2026-02-13 04:21:35.532,hr-ws11,dcho,1,python3,"python3",systemd,,,SHA256=000413d04fbc786b000413d04fbc786b000413d04fbc786b000413d04fbc786b
2026-02-13 04:26:12.566,sec-admin01,mreyes,1,chrome.exe,"chrome.exe",launchd,,,SHA256=0008a968fb223dea0008a968fb223dea0008a968fb223dea0008a968fb223dea
2026-02-13 04:32:12.914,jumphost-01,svc-build,1,node,"node",cmd.exe,,,SHA256=00103570604604d400103570604604d400103570604604d400103570604604d4
2026-02-13 04:39:32.409,sec-admin01,npatel,1,chrome.exe,"chrome.exe",launchd,,,SHA256=0017aff5e0fcd1a90017aff5e0fcd1a90017aff5e0fcd1a90017aff5e0fcd1a9
2026-02-13 04:50:57.739,hr-ws11,mreyes,1,git,"git",launchd,,,SHA256=0014cf9076db987f0014cf9076db987f0014cf9076db987f0014cf9076db987f
2026-02-13 04:57:26.947,db-analytics-01,mreyes,1,powershell.exe,"powershell.exe",launchd,,,SHA256=0011a073e2d092190011a073e2d092190011a073e2d092190011a073e2d09219
2026-02-13 05:00:52.837,finance-lt23,svc-backup,1,git,"git",systemd,,,SHA256=001d4951ccdbf032001d4951ccdbf032001d4951ccdbf032001d4951ccdbf032
2026-02-13 05:03:54.752,sec-admin01,npatel,1,git,"git",systemd,,,SHA256=0002e5571f5b36270002e5571f5b36270002e5571f5b36270002e5571f5b3627
2026-02-13 05:12:59.318,filesrv02,svc-export,1,git,"git",explorer.exe,,,SHA256=0008e576cb9feb910008e576cb9feb910008e576cb9feb910008e576cb9feb91
2026-02-13 05:22:17.307,finance-lt23,svc-backup,1,sshd,"sshd",launchd,,,SHA256=001f13d0391efc6a001f13d0391efc6a001f13d0391efc6a001f13d0391efc6a
2026-02-13 05:29:41.363,jumphost-01,dcho,1,outlook.exe,"outlook.exe",launchd,,,SHA256=00011760934bf6c900011760934bf6c900011760934bf6c900011760934bf6c9
2026-02-13 05:35:11.162,filesrv02,svc-backup,1,slack.exe,"slack.exe",systemd,,,SHA256=0014e0b2190d006d0014e0b2190d006d0014e0b2190d006d0014e0b2190d006d
2026-02-13 05:40:15.747,db-analytics-01,mreyes,1,powershell.exe,"powershell.exe",launchd,,,SHA256=001afe4d8496e67b001afe4d8496e67b001afe4d8496e67b001afe4d8496e67b
2026-02-13 05:44:38.022,jumphost-01,svc-build,1,chrome.exe,"chrome.exe",systemd,,,SHA256=0010e274f8cfa0410010e274f8cfa0410010e274f8cfa0410010e274f8cfa041
2026-02-13 05:48:48.255,sec-admin01,svc-export,1,outlook.exe,"outlook.exe",explorer.exe,,,SHA256=001580109d1a11e6001580109d1a11e6001580109d1a11e6001580109d1a11e6
2026-02-13 05:52:50.212,jumphost-01,svc-build,1,slack.exe,"slack.exe",explorer.exe,,,SHA256=0005ef9812015e420005ef9812015e420005ef9812015e420005ef9812015e42
2026-02-13 06:00:27.252,hr-ws11,npatel,1,slack.exe,"slack.exe",launchd,,,SHA256=000ad743a1edb757000ad743a1edb757000ad743a1edb757000ad743a1edb757
2026-02-13 06:07:32.115,jumphost-01,svc-export,1,python3,"python3",launchd,,,SHA256=001982fd9079eb27001982fd9079eb27001982fd9079eb27001982fd9079eb27
2026-02-13 06:10:42.822,jumphost-01,svc-backup,1,sshd,"sshd",systemd,,,SHA256=000b38cf856ff6d4000b38cf856ff6d4000b38cf856ff6d4000b38cf856ff6d4
2026-02-13 06:18:11.286,filesrv02,svc-build,1,node,"node",cmd.exe,,,SHA256=001c77814aa7444f001c77814aa7444f001c77814aa7444f001c77814aa7444f
2026-02-13 06:22:07.978,sec-admin01,mreyes,1,python3,"python3",explorer.exe,,,SHA256=0017440ffaddef060017440ffaddef060017440ffaddef060017440ffaddef06
2026-02-13 06:32:56.091,filesrv02,secops,1,chrome.exe,"chrome.exe",systemd,,,SHA256=0007973e07b612490007973e07b612490007973e07b612490007973e07b61249
2026-02-13 06:42:36.613,hr-ws11,svc-backup,1,powershell.exe,"powershell.exe",systemd,,,SHA256=00087151a9c8c86500087151a9c8c86500087151a9c8c86500087151a9c8c865
2026-02-13 06:45:29.810,hr-ws11,dcho,1,outlook.exe,"outlook.exe",explorer.exe,,,SHA256=00042f04cd63b3a300042f04cd63b3a300042f04cd63b3a300042f04cd63b3a3
2026-02-13 06:53:00.947,db-analytics-01,svc-build,1,powershell.exe,"powershell.exe",systemd,,,SHA256=001acbba8d68baa9001acbba8d68baa9001acbba8d68baa9001acbba8d68baa9
2026-02-13 07:01:54.313,finance-lt23,npatel,1,chrome.exe,"chrome.exe",systemd,,,SHA256=001884b1188f9ff7001884b1188f9ff7001884b1188f9ff7001884b1188f9ff7
2026-02-13 07:08:49.385,hr-ws11,svc-backup,1,git,"git",systemd,,,SHA256=000d9a77ecac586f000d9a77ecac586f000d9a77ecac586f000d9a77ecac586f
2026-02-13 07:18:09.508,hr-ws11,dcho,1,chrome.exe,"chrome.exe",cmd.exe,,,SHA256=00038598ced50f3100038598ced50f3100038598ced50f3100038598ced50f31
2026-02-13 07:24:53.794,finance-lt23,npatel,1,python3,"python3",explorer.exe,,,SHA256=001f86c68a78ad2a001f86c68a78ad2a001f86c68a78ad2a001f86c68a78ad2a
2026-02-13 07:28:37.897,jumphost-01,svc-build,1,node,"node",launchd,,,SHA256=0022f1f832e811240022f1f832e811240022f1f832e811240022f1f832e81124
2026-02-13 07:39:33.360,finance-lt23,dcho,1,node,"node",launchd,,,SHA256=001fcbda060bf94b001fcbda060bf94b001fcbda060bf94b001fcbda060bf94b
2026-02-13 07:50:16.702,db-analytics-01,svc-export,1,node,"node",launchd,,,SHA256=001e5b8da8c3814f001e5b8da8c3814f001e5b8da8c3814f001e5b8da8c3814f
2026-02-13 07:54:30.288,db-analytics-01,dcho,1,sshd,"sshd",cmd.exe,,,SHA256=000e48a3b29918b2000e48a3b29918b2000e48a3b29918b2000e48a3b29918b2
2026-02-13 07:57:23.150,db-analytics-01,svc-export,1,outlook.exe,"outlook.exe",explorer.exe,,,SHA256=00033b50949e82ea00033b50949e82ea00033b50949e82ea00033b50949e82ea
2026-02-13 08:06:10.755,filesrv02,dcho,1,sshd,"sshd",explorer.exe,,,SHA256=001c9061e338df56001c9061e338df56001c9061e338df56001c9061e338df56
2026-02-13 08:16:51.626,sec-admin01,npatel,1,chrome.exe,"chrome.exe",launchd,,,SHA256=00101c269a93713600101c269a93713600101c269a93713600101c269a937136
2026-02-13 08:19:32.628,sec-admin01,secops,1,node,"node",launchd,,,SHA256=002367c4404ef832002367c4404ef832002367c4404ef832002367c4404ef832
2026-02-13 08:30:44.530,db-analytics-01,mreyes,1,sshd,"sshd",systemd,,,SHA256=000a1f7788b37005000a1f7788b37005000a1f7788b37005000a1f7788b37005
2026-02-13 08:36:19.602,finance-lt23,svc-export,1,git,"git",launchd,,,SHA256=000c43a6b4fa1271000c43a6b4fa1271000c43a6b4fa1271000c43a6b4fa1271
2026-02-13 08:38:51.791,hr-ws11,svc-backup,1,powershell.exe,"powershell.exe",launchd,,,SHA256=001d39d04f3a0887001d39d04f3a0887001d39d04f3a0887001d39d04f3a0887
2026-02-13 08:48:09.528,db-analytics-01,dcho,1,chrome.exe,"chrome.exe",cmd.exe,,,SHA256=00143c22d3c468dc00143c22d3c468dc00143c22d3c468dc00143c22d3c468dc
2026-02-13 08:58:17.144,hr-ws11,svc-backup,1,python3,"python3",cmd.exe,,,SHA256=000a5f856fde7e55000a5f856fde7e55000a5f856fde7e55000a5f856fde7e55
2026-02-13 09:07:02.839,filesrv02,npatel,1,node,"node",systemd,,,SHA256=001dd6590d3bef82001dd6590d3bef82001dd6590d3bef82001dd6590d3bef82
2026-02-13 09:14:22.360,sec-admin01,svc-build,1,outlook.exe,"outlook.exe",systemd,,,SHA256=00190876dd60c8c200190876dd60c8c200190876dd60c8c200190876dd60c8c2
2026-02-13 09:19:05.077,finance-lt23,mreyes,1,sshd,"sshd",launchd,,,SHA256=001674006a1db3a9001674006a1db3a9001674006a1db3a9001674006a1db3a9
2026-02-13 09:24:03.773,filesrv02,mreyes,1,chrome.exe,"chrome.exe",launchd,,,SHA256=0012ea952d2c5c5f0012ea952d2c5c5f0012ea952d2c5c5f0012ea952d2c5c5f
2026-02-13 09:28:15.694,filesrv02,svc-build,1,git,"git",systemd,,,SHA256=0004ebdb2cd739f30004ebdb2cd739f30004ebdb2cd739f30004ebdb2cd739f3
2026-02-13 09:37:08.572,finance-lt23,svc-backup,1,chrome.exe,"chrome.exe",cmd.exe,,,SHA256=001823a82b9130cf001823a82b9130cf001823a82b9130cf001823a82b9130cf
2026-02-13 09:39:43.383,hr-ws11,secops,1,slack.exe,"slack.exe",launchd,,,SHA256=000a0348971ce6d3000a0348971ce6d3000a0348971ce6d3000a0348971ce6d3
2026-02-13 09:45:01.429,filesrv02,svc-build,1,outlook.exe,"outlook.exe",systemd,,,SHA256=000f0a473b90aecb000f0a473b90aecb000f0a473b90aecb000f0a473b90aecb
2026-02-13 09:49:46.341,hr-ws11,svc-backup,1,chrome.exe,"chrome.exe",cmd.exe,,,SHA256=0016471eed40bd310016471eed40bd310016471eed40bd310016471eed40bd31
2026-02-13 10:00:45.188,sec-admin01,svc-build,1,git,"git",cmd.exe,,,SHA256=0008d591fd5472770008d591fd5472770008d591fd5472770008d591fd547277
2026-02-13 10:11:23.997,jumphost-01,secops,1,chrome.exe,"chrome.exe",cmd.exe,,,SHA256=001a54567b2bff5a001a54567b2bff5a001a54567b2bff5a001a54567b2bff5a
2026-02-13 10:21:42.445,sec-admin01,mreyes,1,sshd,"sshd",systemd,,,SHA256=001a6a7019390de5001a6a7019390de5001a6a7019390de5001a6a7019390de5
2026-02-13 10:31:04.839,hr-ws11,secops,1,node,"node",cmd.exe,,,SHA256=001c3d529d447e2c001c3d529d447e2c001c3d529d447e2c001c3d529d447e2c
2026-02-13 10:40:37.972,db-analytics-01,mreyes,1,outlook.exe,"outlook.exe",systemd,,,SHA256=0022e01dc5d537ea0022e01dc5d537ea0022e01dc5d537ea0022e01dc5d537ea
2026-02-13 10:51:03.122,hr-ws11,dcho,1,slack.exe,"slack.exe",systemd,,,SHA256=00102f29bab9a28100102f29bab9a28100102f29bab9a28100102f29bab9a281
2026-02-13 10:59:25.094,finance-lt23,mreyes,1,slack.exe,"slack.exe",explorer.exe,,,SHA256=00022f873b56131e00022f873b56131e00022f873b56131e00022f873b56131e
2026-02-13 11:07:15.356,db-analytics-01,mreyes,1,node,"node",launchd,,,SHA256=000cfec5e96a7cdb000cfec5e96a7cdb000cfec5e96a7cdb000cfec5e96a7cdb
2026-02-13 11:13:12.198,db-analytics-01,secops,1,outlook.exe,"outlook.exe",launchd,,,SHA256=0019bff5b3b479380019bff5b3b479380019bff5b3b479380019bff5b3b47938
2026-02-13 11:22:35.595,sec-admin01,npatel,1,outlook.exe,"outlook.exe",explorer.exe,,,SHA256=001ae1fc31fc6750001ae1fc31fc6750001ae1fc31fc6750001ae1fc31fc6750
2026-02-13 11:31:08.742,jumphost-01,mreyes,1,node,"node",explorer.exe,,,SHA256=0008040b16a9768a0008040b16a9768a0008040b16a9768a0008040b16a9768a
2026-02-13 11:35:06.673,finance-lt23,svc-backup,1,powershell.exe,"powershell.exe",systemd,,,SHA256=002338faf47305b8002338faf47305b8002338faf47305b8002338faf47305b8
2026-02-13 11:42:23.197,sec-admin01,dcho,1,outlook.exe,"outlook.exe",systemd,,,SHA256=001f024890a761d9001f024890a761d9001f024890a761d9001f024890a761d9
2026-02-13 11:46:12.663,sec-admin01,svc-backup,1,python3,"python3",explorer.exe,,,SHA256=00031262ca86b01200031262ca86b01200031262ca86b01200031262ca86b012
2026-02-13 11:51:28.530,db-analytics-01,npatel,1,python3,"python3",explorer.exe,,,SHA256=002091e981c53c62002091e981c53c62002091e981c53c62002091e981c53c62
2026-02-13 11:54:55.964,hr-ws11,svc-backup,1,python3,"python3",explorer.exe,,,SHA256=001203fec068933d001203fec068933d001203fec068933d001203fec068933d
2026-02-13 11:59:43.926,hr-ws11,npatel,1,outlook.exe,"outlook.exe",explorer.exe,,,SHA256=0018f8ad1b4446280018f8ad1b4446280018f8ad1b4446280018f8ad1b444628
2026-02-13 12:04:50.526,hr-ws11,svc-build,1,python3,"python3",systemd,,,SHA256=001bddb3ecc313d7001bddb3ecc313d7001bddb3ecc313d7001bddb3ecc313d7
2026-02-13 12:15:44.588,jumphost-01,svc-build,1,chrome.exe,"chrome.exe",cmd.exe,,,SHA256=00095e05dcccf28100095e05dcccf28100095e05dcccf28100095e05dcccf281
2026-02-13 12:27:00.869,jumphost-01,svc-export,1,powershell.exe,"powershell.exe",cmd.exe,,,SHA256=001aa5f9a35b3f6f001aa5f9a35b3f6f001aa5f9a35b3f6f001aa5f9a35b3f6f
2026-02-13 12:38:24.576,sec-admin01,npatel,1,powershell.exe,"powershell.exe",systemd,,,SHA256=001b63fa7594a8e3001b63fa7594a8e3001b63fa7594a8e3001b63fa7594a8e3
2026-02-13 12:42:04.671,db-analytics-01,svc-build,1,powershell.exe,"powershell.exe",cmd.exe,,,SHA256=000f862f543d57f1000f862f543d57f1000f862f543d57f1000f862f543d57f1
2026-02-13 12:45:40.776,jumphost-01,svc-build,1,python3,"python3",systemd,,,SHA256=00127eea8ef7fde900127eea8ef7fde900127eea8ef7fde900127eea8ef7fde9
2026-02-13 12:48:14.827,filesrv02,npatel,1,sshd,"sshd",cmd.exe,,,SHA256=00216a738ea9c55200216a738ea9c55200216a738ea9c55200216a738ea9c552
2026-02-13 12:53:19.203,sec-admin01,mreyes,1,python3,"python3",launchd,,,SHA256=000d2de11c1d50ab000d2de11c1d50ab000d2de11c1d50ab000d2de11c1d50ab
2026-02-13 12:58:44.984,jumphost-01,secops,1,chrome.exe,"chrome.exe",cmd.exe,,,SHA256=001c1227ae98f978001c1227ae98f978001c1227ae98f978001c1227ae98f978
2026-02-13 13:04:47.970,hr-ws11,mreyes,1,git,"git",launchd,,,SHA256=001cb199fe42f83e001cb199fe42f83e001cb199fe42f83e001cb199fe42f83e
2026-02-13 13:16:00.722,filesrv02,mreyes,1,outlook.exe,"outlook.exe",launchd,,,SHA256=00163406a2f0126e00163406a2f0126e00163406a2f0126e00163406a2f0126e
2026-02-13 13:19:34.401,jumphost-01,svc-export,1,node,"node",cmd.exe,,,SHA256=0001fdaf32a76d870001fdaf32a76d870001fdaf32a76d870001fdaf32a76d87
2026-02-13 13:25:26.643,hr-ws11,svc-build,1,sshd,"sshd",systemd,,,SHA256=0007f0fb2d9346c80007f0fb2d9346c80007f0fb2d9346c80007f0fb2d9346c8
2026-02-13 13:32:46.857,finance-lt23,secops,1,python3,"python3",launchd,,,SHA256=002073397b681d48002073397b681d48002073397b681d48002073397b681d48
2026-02-13 13:35:37.774,db-analytics-01,secops,1,python3,"python3",explorer.exe,,,SHA256=00067522d38f685300067522d38f685300067522d38f685300067522d38f6853
2026-02-13 13:44:34.994,sec-admin01,mreyes,1,outlook.exe,"outlook.exe",systemd,,,SHA256=0007e9ba3901ce620007e9ba3901ce620007e9ba3901ce620007e9ba3901ce62
2026-02-13 13:54:11.793,hr-ws11,svc-build,1,slack.exe,"slack.exe",cmd.exe,,,SHA256=001bfd3694700900001bfd3694700900001bfd3694700900001bfd3694700900
2026-02-13 14:01:05.285,filesrv02,dcho,1,git,"git",explorer.exe,,,SHA256=0005b06f260ec8720005b06f260ec8720005b06f260ec8720005b06f260ec872
2026-02-13 14:10:36.745,finance-lt23,mreyes,1,python3,"python3",launchd,,,SHA256=001f9dc779520e11001f9dc779520e11001f9dc779520e11001f9dc779520e11
2026-02-13 14:22:01.772,jumphost-01,secops,1,chrome.exe,"chrome.exe",launchd,,,SHA256=001ae82a567f268b001ae82a567f268b001ae82a567f268b001ae82a567f268b
2026-02-13 14:27:37.005,jumphost-01,dcho,1,python3,"python3",systemd,,,SHA256=001c926c17f3bd83001c926c17f3bd83001c926c17f3bd83001c926c17f3bd83
2026-02-13 14:37:05.128,sec-admin01,dcho,1,chrome.exe,"chrome.exe",systemd,,,SHA256=000bc8f8b6fb024e000bc8f8b6fb024e000bc8f8b6fb024e000bc8f8b6fb024e
2026-02-13 14:40:58.401,finance-lt23,secops,1,git,"git",launchd,,,SHA256=0013e269152691bd0013e269152691bd0013e269152691bd0013e269152691bd
2026-02-13 14:47:56.247,filesrv02,svc-export,1,powershell.exe,"powershell.exe",cmd.exe,,,SHA256=001a7834cc706333001a7834cc706333001a7834cc706333001a7834cc706333
2026-02-13 14:53:41.509,hr-ws11,svc-backup,1,node,"node",cmd.exe,,,SHA256=0000f24fda465f790000f24fda465f790000f24fda465f790000f24fda465f79
2026-02-13 15:00:53.688,jumphost-01,svc-export,1,sshd,"sshd",launchd,,,SHA256=0017941df3311e110017941df3311e110017941df3311e110017941df3311e11
2026-02-13 15:08:50.269,finance-lt23,dcho,1,slack.exe,"slack.exe",systemd,,,SHA256=0019cb2a3f0299f10019cb2a3f0299f10019cb2a3f0299f10019cb2a3f0299f1
2026-02-13 15:20:07.446,hr-ws11,mreyes,1,slack.exe,"slack.exe",systemd,,,SHA256=000891aa6f1d10f0000891aa6f1d10f0000891aa6f1d10f0000891aa6f1d10f0
2026-02-13 15:23:31.212,db-analytics-01,secops,1,git,"git",systemd,,,SHA256=000d030096edc14d000d030096edc14d000d030096edc14d000d030096edc14d
2026-02-13 15:26:14.626,db-analytics-01,dcho,1,git,"git",explorer.exe,,,SHA256=001fd525c41d6712001fd525c41d6712001fd525c41d6712001fd525c41d6712
2026-02-13 15:30:36.668,hr-ws11,svc-export,1,git,"git",systemd,,,SHA256=000e5dbad714474b000e5dbad714474b000e5dbad714474b000e5dbad714474b
2026-02-13 15:37:15.735,sec-admin01,svc-export,1,powershell.exe,"powershell.exe",cmd.exe,,,SHA256=0003bf106635d13e0003bf106635d13e0003bf106635d13e0003bf106635d13e
2026-02-13 15:41:13.504,db-analytics-01,npatel,1,outlook.exe,"outlook.exe",explorer.exe,,,SHA256=000658979f5d762e000658979f5d762e000658979f5d762e000658979f5d762e
2026-02-13 15:51:33.429,jumphost-01,svc-build,1,sshd,"sshd",systemd,,,SHA256=000dcc70b7b3de4e000dcc70b7b3de4e000dcc70b7b3de4e000dcc70b7b3de4e
2026-02-13 16:01:57.028,finance-lt23,svc-export,1,powershell.exe,"powershell.exe",launchd,,,SHA256=000e8897f35a25eb000e8897f35a25eb000e8897f35a25eb000e8897f35a25eb
2026-02-13 16:12:48.674,finance-lt23,secops,1,python3,"python3",cmd.exe,,,SHA256=001fe935a481dffb001fe935a481dffb001fe935a481dffb001fe935a481dffb
2026-02-13 16:24:17.834,sec-admin01,svc-backup,1,outlook.exe,"outlook.exe",cmd.exe,,,SHA256=0004070c03ae4b900004070c03ae4b900004070c03ae4b900004070c03ae4b90
2026-02-13 16:32:32.405,filesrv02,mreyes,1,slack.exe,"slack.exe",launchd,,,SHA256=000a95d9f6cf07e5000a95d9f6cf07e5000a95d9f6cf07e5000a95d9f6cf07e5
2026-02-13 16:40:47.486,finance-lt23,secops,1,outlook.exe,"outlook.exe",explorer.exe,,,SHA256=000852a0ae0faef7000852a0ae0faef7000852a0ae0faef7000852a0ae0faef7
2026-02-13 16:48:03.901,hr-ws11,svc-build,1,python3,"python3",systemd,,,SHA256=001dd44516c7a8e8001dd44516c7a8e8001dd44516c7a8e8001dd44516c7a8e8
2026-02-13 16:54:37.071,jumphost-01,svc-build,1,outlook.exe,"outlook.exe",systemd,,,SHA256=0012b1782c6952ab0012b1782c6952ab0012b1782c6952ab0012b1782c6952ab
2026-02-13 16:58:30.204,finance-lt23,dcho,1,python3,"python3",cmd.exe,,,SHA256=001d1ccb33c5c89c001d1ccb33c5c89c001d1ccb33c5c89c001d1ccb33c5c89c
2026-02-13 17:09:40.759,db-analytics-01,svc-export,1,outlook.exe,"outlook.exe",explorer.exe,,,SHA256=0011a94f81bb5a180011a94f81bb5a180011a94f81bb5a180011a94f81bb5a18
2026-02-13 17:15:34.048,db-analytics-01,svc-backup,1,git,"git",explorer.exe,,,SHA256=001d85e807f86d2d001d85e807f86d2d001d85e807f86d2d001d85e807f86d2d
2026-02-13 17:21:24.651,sec-admin01,dcho,1,sshd,"sshd",explorer.exe,,,SHA256=00101c3a42f079f800101c3a42f079f800101c3a42f079f800101c3a42f079f8
2026-02-13 17:26:40.881,jumphost-01,npatel,1,chrome.exe,"chrome.exe",launchd,,,SHA256=001156a49f7f535b001156a49f7f535b001156a49f7f535b001156a49f7f535b
2026-02-13 17:30:39.310,hr-ws11,svc-export,1,sshd,"sshd",launchd,,,SHA256=0021881fd5543efc0021881fd5543efc0021881fd5543efc0021881fd5543efc
2026-02-13 17:41:08.693,db-analytics-01,dcho,1,outlook.exe,"outlook.exe",launchd,,,SHA256=00132551be8ef8d300132551be8ef8d300132551be8ef8d300132551be8ef8d3
2026-02-13 17:46:22.501,db-analytics-01,svc-backup,1,powershell.exe,"powershell.exe",explorer.exe,,,SHA256=00054fd44806b6b800054fd44806b6b800054fd44806b6b800054fd44806b6b8
2026-02-13 17:52:47.485,finance-lt23,dcho,1,sshd,"sshd",launchd,,,SHA256=00135850344826af00135850344826af00135850344826af00135850344826af
2026-02-13 18:02:56.786,db-analytics-01,svc-export,1,slack.exe,"slack.exe",launchd,,,SHA256=0000a2ce570546d40000a2ce570546d40000a2ce570546d40000a2ce570546d4
2026-02-13 18:11:48.339,hr-ws11,svc-backup,1,node,"node",launchd,,,SHA256=00133d68df70684900133d68df70684900133d68df70684900133d68df706849
2026-02-13 18:16:14.747,jumphost-01,svc-build,1,python3,"python3",systemd,,,SHA256=00069beaca30be6f00069beaca30be6f00069beaca30be6f00069beaca30be6f
2026-02-13 18:21:05.178,filesrv02,mreyes,1,sshd,"sshd",launchd,,,SHA256=000ce5be39da1a47000ce5be39da1a47000ce5be39da1a47000ce5be39da1a47
2026-02-13 18:27:42.740,finance-lt23,svc-backup,1,slack.exe,"slack.exe",systemd,,,SHA256=002335305452edd6002335305452edd6002335305452edd6002335305452edd6
2026-02-13 18:31:45.423,finance-lt23,svc-backup,1,slack.exe,"slack.exe",launchd,,,SHA256=00131b9638c4fde200131b9638c4fde200131b9638c4fde200131b9638c4fde2
2026-02-13 18:37:02.197,db-analytics-01,svc-backup,1,git,"git",explorer.exe,,,SHA256=00040f398b31506400040f398b31506400040f398b31506400040f398b315064
2026-02-13 18:43:08.885,jumphost-01,svc-export,1,chrome.exe,"chrome.exe",explorer.exe,,,SHA256=002171646e687c78002171646e687c78002171646e687c78002171646e687c78
2026-02-13 18:53:05.631,finance-lt23,mreyes,1,outlook.exe,"outlook.exe",launchd,,,SHA256=001751e7958b94ba001751e7958b94ba001751e7958b94ba001751e7958b94ba
2026-02-13 18:58:47.356,sec-admin01,secops,1,chrome.exe,"chrome.exe",systemd,,,SHA256=0015fbda031007540015fbda031007540015fbda031007540015fbda03100754
2026-02-13 19:09:12.612,sec-admin01,npatel,1,powershell.exe,"powershell.exe",launchd,,,SHA256=00188047d3a50f2200188047d3a50f2200188047d3a50f2200188047d3a50f22
2026-02-13 19:15:40.477,db-analytics-01,mreyes,1,chrome.exe,"chrome.exe",cmd.exe,,,SHA256=00101c98d8a03fbb00101c98d8a03fbb00101c98d8a03fbb00101c98d8a03fbb
2026-02-13 19:25:49.113,db-analytics-01,svc-build,1,python3,"python3",cmd.exe,,,SHA256=0014c5d432aa623f0014c5d432aa623f0014c5d432aa623f0014c5d432aa623f
2026-02-13 19:34:16.601,finance-lt23,npatel,1,chrome.exe,"chrome.exe",launchd,,,SHA256=00155f6b69c1d33900155f6b69c1d33900155f6b69c1d33900155f6b69c1d339
2026-02-13 19:39:01.755,sec-admin01,mreyes,1,outlook.exe,"outlook.exe",cmd.exe,,,SHA256=0017685686f4e9f80017685686f4e9f80017685686f4e9f80017685686f4e9f8
2026-02-13 19:46:30.486,sec-admin01,svc-build,1,slack.exe,"slack.exe",systemd,,,SHA256=001ebcc68def382b001ebcc68def382b001ebcc68def382b001ebcc68def382b
2026-02-13 19:50:36.594,finance-lt23,svc-build,1,powershell.exe,"powershell.exe",launchd,,,SHA256=00217a62eb84b4a600217a62eb84b4a600217a62eb84b4a600217a62eb84b4a6
2026-02-13 20:02:02.773,sec-admin01,mreyes,1,slack.exe,"slack.exe",systemd,,,SHA256=000f22b9aa86b68f000f22b9aa86b68f000f22b9aa86b68f000f22b9aa86b68f
2026-02-13 20:11:20.223,db-analytics-01,svc-backup,1,chrome.exe,"chrome.exe",explorer.exe,,,SHA256=0003e3e534ab16790003e3e534ab16790003e3e534ab16790003e3e534ab1679
2026-02-13 20:20:09.348,finance-lt23,npatel,1,python3,"python3",explorer.exe,,,SHA256=0015b7cf8339690a0015b7cf8339690a0015b7cf8339690a0015b7cf8339690a
2026-02-13 20:31:39.090,filesrv02,svc-export,1,git,"git",launchd,,,SHA256=001efd727d5a2332001efd727d5a2332001efd727d5a2332001efd727d5a2332
2026-02-13 20:38:21.779,filesrv02,npatel,1,git,"git",explorer.exe,,,SHA256=0015cbdc5b9222390015cbdc5b9222390015cbdc5b9222390015cbdc5b922239
2026-02-13 20:48:01.059,sec-admin01,npatel,1,slack.exe,"slack.exe",explorer.exe,,,SHA256=000d9355c9a099ff000d9355c9a099ff000d9355c9a099ff000d9355c9a099ff
2026-02-13 20:54:03.184,jumphost-01,svc-export,1,outlook.exe,"outlook.exe",cmd.exe,,,SHA256=000bf32d3157623b000bf32d3157623b000bf32d3157623b000bf32d3157623b
2026-02-13 21:04:21.348,jumphost-01,svc-build,1,sshd,"sshd",launchd,,,SHA256=000f8c13c7020fb0000f8c13c7020fb0000f8c13c7020fb0000f8c13c7020fb0
2026-02-13 21:13:16.980,sec-admin01,dcho,1,outlook.exe,"outlook.exe",launchd,,,SHA256=001c038df963c87e001c038df963c87e001c038df963c87e001c038df963c87e
2026-02-13 21:24:23.144,sec-admin01,npatel,1,chrome.exe,"chrome.exe",systemd,,,SHA256=00135baee103632200135baee103632200135baee103632200135baee1036322
2026-02-13 21:35:49.102,jumphost-01,svc-backup,1,chrome.exe,"chrome.exe",explorer.exe,,,SHA256=0018c3ece288adc80018c3ece288adc80018c3ece288adc80018c3ece288adc8
2026-02-13 21:43:41.258,hr-ws11,dcho,1,python3,"python3",cmd.exe,,,SHA256=0004845afcb2c7eb0004845afcb2c7eb0004845afcb2c7eb0004845afcb2c7eb
2026-02-13 21:52:37.396,finance-lt23,svc-build,1,powershell.exe,"powershell.exe",systemd,,,SHA256=0009547a7b0ad2870009547a7b0ad2870009547a7b0ad2870009547a7b0ad287
2026-02-13 21:56:45.376,jumphost-01,svc-export,1,powershell.exe,"powershell.exe",cmd.exe,,,SHA256=000f4cf512bef343000f4cf512bef343000f4cf512bef343000f4cf512bef343
2026-02-13 22:04:45.039,sec-admin01,svc-export,1,outlook.exe,"outlook.exe",systemd,,,SHA256=0008171b26e24d5b0008171b26e24d5b0008171b26e24d5b0008171b26e24d5b
2026-02-13 22:09:17.539,filesrv02,secops,1,chrome.exe,"chrome.exe",launchd,,,SHA256=0020d3193aa537360020d3193aa537360020d3193aa537360020d3193aa53736
2026-02-13 22:13:47.927,sec-admin01,svc-backup,1,git,"git",systemd,,,SHA256=001830e1ece725e4001830e1ece725e4001830e1ece725e4001830e1ece725e4
2026-02-13 22:16:26.620,finance-lt23,npatel,1,node,"node",systemd,,,SHA256=000868a2e1bd9806000868a2e1bd9806000868a2e1bd9806000868a2e1bd9806
2026-02-13 22:23:49.130,sec-admin01,mreyes,1,slack.exe,"slack.exe",launchd,,,SHA256=0009833f7e0047c70009833f7e0047c70009833f7e0047c70009833f7e0047c7
2026-02-13 22:26:40.715,filesrv02,dcho,1,powershell.exe,"powershell.exe",cmd.exe,,,SHA256=002141b4b79127e4002141b4b79127e4002141b4b79127e4002141b4b79127e4
2026-02-13 22:35:46.621,jumphost-01,npatel,1,git,"git",explorer.exe,,,SHA256=0019f916b45eba050019f916b45eba050019f916b45eba050019f916b45eba05
2026-02-13 22:46:26.450,db-analytics-01,svc-export,1,outlook.exe,"outlook.exe",launchd,,,SHA256=00186409090634d200186409090634d200186409090634d200186409090634d2
2026-02-13 22:51:23.611,jumphost-01,npatel,1,outlook.exe,"outlook.exe",launchd,,,SHA256=0021d3c139ea46800021d3c139ea46800021d3c139ea46800021d3c139ea4680
2026-02-13 22:59:42.369,sec-admin01,dcho,1,outlook.exe,"outlook.exe",systemd,,,SHA256=0014f77cd40e14d10014f77cd40e14d10014f77cd40e14d10014f77cd40e14d1
2026-02-13 23:02:23.963,sec-admin01,svc-backup,1,powershell.exe,"powershell.exe",cmd.exe,,,SHA256=00207fe35818fdc400207fe35818fdc400207fe35818fdc400207fe35818fdc4
2026-02-13 23:10:01.667,db-analytics-01,dcho,1,sshd,"sshd",explorer.exe,,,SHA256=001ad1bfd8739c51001ad1bfd8739c51001ad1bfd8739c51001ad1bfd8739c51
2026-02-13 23:12:58.251,sec-admin01,secops,1,slack.exe,"slack.exe",launchd,,,SHA256=00096192d837431b00096192d837431b00096192d837431b00096192d837431b
2026-02-13 23:16:37.673,filesrv02,npatel,1,chrome.exe,"chrome.exe",launchd,,,SHA256=000dbf530ac88ad9000dbf530ac88ad9000dbf530ac88ad9000dbf530ac88ad9
2026-02-13 23:21:19.199,finance-lt23,npatel,1,node,"node",launchd,,,SHA256=000d8fcbf12e4cd7000d8fcbf12e4cd7000d8fcbf12e4cd7000d8fcbf12e4cd7
2026-02-13 23:27:33.597,hr-ws11,svc-backup,1,node,"node",explorer.exe,,,SHA256=0021e9bd1f0d79f40021e9bd1f0d79f40021e9bd1f0d79f40021e9bd1f0d79f4
2026-02-13 23:30:08.314,filesrv02,mreyes,1,sshd,"sshd",cmd.exe,,,SHA256=000554ed907444d8000554ed907444d8000554ed907444d8000554ed907444d8
2026-02-13 23:34:56.205,filesrv02,secops,1,chrome.exe,"chrome.exe",cmd.exe,,,SHA256=0007d02eaf551a5d0007d02eaf551a5d0007d02eaf551a5d0007d02eaf551a5d
2026-02-13 23:42:48.689,db-analytics-01,npatel,1,sshd,"sshd",launchd,,,SHA256=001d595fd19a755f001d595fd19a755f001d595fd19a755f001d595fd19a755f
2026-02-13 23:45:41.174,jumphost-01,secops,1,python3,"python3",cmd.exe,,,SHA256=00069cb165f6cb6d00069cb165f6cb6d00069cb165f6cb6d00069cb165f6cb6d
2026-02-13 23:56:02.056,sec-admin01,npatel,1,python3,"python3",launchd,,,SHA256=0018cc1ecc7b2e170018cc1ecc7b2e170018cc1ecc7b2e170018cc1ecc7b2e17
2026-02-14 00:05:16.048,sec-admin01,svc-export,1,sshd,"sshd",explorer.exe,,,SHA256=0009187b7ba0d8c40009187b7ba0d8c40009187b7ba0d8c40009187b7ba0d8c4
2026-02-14 00:12:41.296,jumphost-01,svc-backup,1,outlook.exe,"outlook.exe",systemd,,,SHA256=000fd481f4214d5f000fd481f4214d5f000fd481f4214d5f000fd481f4214d5f
2026-02-14 00:22:14.800,hr-ws11,svc-export,1,slack.exe,"slack.exe",launchd,,,SHA256=000553ee987fea35000553ee987fea35000553ee987fea35000553ee987fea35
2026-02-14 00:26:32.751,finance-lt23,svc-build,1,slack.exe,"slack.exe",cmd.exe,,,SHA256=000d6473664b99da000d6473664b99da000d6473664b99da000d6473664b99da
2026-02-14 00:34:36.162,db-analytics-01,mreyes,1,slack.exe,"slack.exe",systemd,,,SHA256=000d777b9cbc71f6000d777b9cbc71f6000d777b9cbc71f6000d777b9cbc71f6
2026-02-14 00:42:35.796,filesrv02,secops,1,outlook.exe,"outlook.exe",explorer.exe,,,SHA256=002234703ffc583c002234703ffc583c002234703ffc583c002234703ffc583c
2026-02-14 00:48:05.989,filesrv02,svc-backup,1,node,"node",launchd,,,SHA256=000b67bead8b2506000b67bead8b2506000b67bead8b2506000b67bead8b2506
2026-02-14 00:52:30.248,sec-admin01,secops,1,powershell.exe,"powershell.exe",systemd,,,SHA256=000c175bcbe3c94c000c175bcbe3c94c000c175bcbe3c94c000c175bcbe3c94c
2026-02-14 01:00:02.051,jumphost-01,dcho,1,node,"node",launchd,,,SHA256=0006f2921e83c9e00006f2921e83c9e00006f2921e83c9e00006f2921e83c9e0
2026-02-14 01:08:55.336,filesrv02,svc-build,1,chrome.exe,"chrome.exe",launchd,,,SHA256=001932f7d6f67c40001932f7d6f67c40001932f7d6f67c40001932f7d6f67c40
2026-02-14 01:15:07.795,db-analytics-01,svc-backup,1,node,"node",explorer.exe,,,SHA256=00114243be14e96100114243be14e96100114243be14e96100114243be14e961
2026-02-14 01:19:07.061,sec-admin01,dcho,1,sshd,"sshd",systemd,,,SHA256=001c186bcc0da139001c186bcc0da139001c186bcc0da139001c186bcc0da139
2026-02-14 01:25:19.698,jumphost-01,svc-build,1,sshd,"sshd",explorer.exe,,,SHA256=00156d6825e32df500156d6825e32df500156d6825e32df500156d6825e32df5
2026-02-14 01:28:33.906,hr-ws11,mreyes,1,outlook.exe,"outlook.exe",cmd.exe,,,SHA256=001b6e683750c81a001b6e683750c81a001b6e683750c81a001b6e683750c81a
2026-02-14 01:35:41.014,db-analytics-01,npatel,1,python3,"python3",systemd,,,SHA256=001de9692b557d07001de9692b557d07001de9692b557d07001de9692b557d07
2026-02-14 01:40:53.987,hr-ws11,secops,1,powershell.exe,"powershell.exe",launchd,,,SHA256=000e80a0d96ab790000e80a0d96ab790000e80a0d96ab790000e80a0d96ab790
2026-02-14 01:49:32.787,sec-admin01,dcho,1,node,"node",explorer.exe,,,SHA256=0020bb3e5b3416aa0020bb3e5b3416aa0020bb3e5b3416aa0020bb3e5b3416aa
2026-02-14 01:58:49.852,sec-admin01,dcho,1,outlook.exe,"outlook.exe",explorer.exe,,,SHA256=0007338ab758485d0007338ab758485d0007338ab758485d0007338ab758485d
2026-02-14 02:07:41.174,sec-admin01,svc-export,1,outlook.exe,"outlook.exe",cmd.exe,,,SHA256=001776d8443d4781001776d8443d4781001776d8443d4781001776d8443d4781
2026-02-14 02:13:20.262,hr-ws11,svc-export,1,node,"node",cmd.exe,,,SHA256=001dd4d3a34170e6001dd4d3a34170e6001dd4d3a34170e6001dd4d3a34170e6
2026-02-14 02:16:58.210,sec-admin01,secops,1,git,"git",explorer.exe,,,SHA256=0014c7f0727a78f60014c7f0727a78f60014c7f0727a78f60014c7f0727a78f6
2026-02-14 02:24:41.421,sec-admin01,svc-backup,1,node,"node",systemd,,,SHA256=000a3e8f15c0ecff000a3e8f15c0ecff000a3e8f15c0ecff000a3e8f15c0ecff
2026-02-14 02:31:41.302,jumphost-01,npatel,1,sshd,"sshd",systemd,,,SHA256=001220ac9910ab9b001220ac9910ab9b001220ac9910ab9b001220ac9910ab9b
2026-02-14 02:39:33.236,jumphost-01,dcho,1,slack.exe,"slack.exe",cmd.exe,,,SHA256=0008f82e07fb2df40008f82e07fb2df40008f82e07fb2df40008f82e07fb2df4
2026-02-14 02:45:34.844,sec-admin01,secops,1,git,"git",explorer.exe,,,SHA256=000e35eea2bda7d9000e35eea2bda7d9000e35eea2bda7d9000e35eea2bda7d9
2026-02-14 02:55:39.326,hr-ws11,svc-backup,1,sshd,"sshd",launchd,,,SHA256=001f7cd3b2f47eda001f7cd3b2f47eda001f7cd3b2f47eda001f7cd3b2f47eda
2026-02-14 03:05:05.474,db-analytics-01,mreyes,1,git,"git",cmd.exe,,,SHA256=00019b547f1b70e200019b547f1b70e200019b547f1b70e200019b547f1b70e2
2026-02-14 03:12:12.595,finance-lt23,svc-build,1,sshd,"sshd",explorer.exe,,,SHA256=0021b8524b2c89160021b8524b2c89160021b8524b2c89160021b8524b2c8916
2026-02-14 03:21:20.624,sec-admin01,secops,1,python3,"python3",cmd.exe,,,SHA256=000cdc55bd39c5d4000cdc55bd39c5d4000cdc55bd39c5d4000cdc55bd39c5d4
2026-02-14 03:27:31.361,jumphost-01,dcho,1,node,"node",launchd,,,SHA256=001d22e6b061a52c001d22e6b061a52c001d22e6b061a52c001d22e6b061a52c
2026-02-14 03:36:48.146,sec-admin01,secops,1,powershell.exe,"powershell.exe",systemd,,,SHA256=000c9323b244bd2b000c9323b244bd2b000c9323b244bd2b000c9323b244bd2b
2026-02-14 03:47:54.101,db-analytics-01,svc-backup,1,node,"node",systemd,,,SHA256=00019bd806c8a3cb00019bd806c8a3cb00019bd806c8a3cb00019bd806c8a3cb
2026-02-14 03:57:32.887,filesrv02,svc-export,1,node,"node",cmd.exe,,,SHA256=00014ed482efc66c00014ed482efc66c00014ed482efc66c00014ed482efc66c
2026-02-14 04:04:14.031,filesrv02,npatel,1,slack.exe,"slack.exe",systemd,,,SHA256=000c08db1648fb18000c08db1648fb18000c08db1648fb18000c08db1648fb18
2026-02-14 04:07:34.269,db-analytics-01,svc-export,1,git,"git",cmd.exe,,,SHA256=001ef81fb6f99e0e001ef81fb6f99e0e001ef81fb6f99e0e001ef81fb6f99e0e
2026-02-14 04:18:17.869,jumphost-01,dcho,1,chrome.exe,"chrome.exe",launchd,,,SHA256=00077428fe64843a00077428fe64843a00077428fe64843a00077428fe64843a
2026-02-14 04:24:26.997,sec-admin01,svc-build,1,slack.exe,"slack.exe",explorer.exe,,,SHA256=0011e86bc8d2ffaa0011e86bc8d2ffaa0011e86bc8d2ffaa0011e86bc8d2ffaa
2026-02-14 04:34:06.218,hr-ws11,mreyes,1,powershell.exe,"powershell.exe",cmd.exe,,,SHA256=0016aa35d14335250016aa35d14335250016aa35d14335250016aa35d1433525
2026-02-14 04:45:15.178,filesrv02,svc-backup,1,chrome.exe,"chrome.exe",systemd,,,SHA256=001e617e59f82265001e617e59f82265001e617e59f82265001e617e59f82265
2026-02-14 04:55:16.177,sec-admin01,mreyes,1,chrome.exe,"chrome.exe",launchd,,,SHA256=00109cdc5e6282aa00109cdc5e6282aa00109cdc5e6282aa00109cdc5e6282aa
2026-02-14 05:02:28.256,finance-lt23,svc-backup,1,outlook.exe,"outlook.exe",cmd.exe,,,SHA256=001ea8685c4d4b9c001ea8685c4d4b9c001ea8685c4d4b9c001ea8685c4d4b9c
2026-02-14 05:10:39.880,filesrv02,secops,1,powershell.exe,"powershell.exe",cmd.exe,,,SHA256=000fc972878056bc000fc972878056bc000fc972878056bc000fc972878056bc
2026-02-14 05:15:15.269,sec-admin01,svc-build,1,node,"node",systemd,,,SHA256=000ee61a1f3603d0000ee61a1f3603d0000ee61a1f3603d0000ee61a1f3603d0
2026-02-14 05:22:15.801,hr-ws11,mreyes,1,python3,"python3",cmd.exe,,,SHA256=00024dd0cee6c70600024dd0cee6c70600024dd0cee6c70600024dd0cee6c706
2026-02-14 05:26:12.097,hr-ws11,secops,1,slack.exe,"slack.exe",systemd,,,SHA256=000aae017564b9d3000aae017564b9d3000aae017564b9d3000aae017564b9d3
2026-02-14 05:29:22.784,sec-admin01,svc-backup,1,slack.exe,"slack.exe",systemd,,,SHA256=0017838b130af7ad0017838b130af7ad0017838b130af7ad0017838b130af7ad
2026-02-14 05:38:24.457,hr-ws11,svc-export,1,sshd,"sshd",systemd,,,SHA256=0004e2ea3021e0320004e2ea3021e0320004e2ea3021e0320004e2ea3021e032
2026-02-14 05:45:09.891,jumphost-01,dcho,1,sshd,"sshd",systemd,,,SHA256=000e17d0ce45d661000e17d0ce45d661000e17d0ce45d661000e17d0ce45d661
2026-02-14 05:51:27.555,hr-ws11,secops,1,python3,"python3",systemd,,,SHA256=0019afdf87bdd0e40019afdf87bdd0e40019afdf87bdd0e40019afdf87bdd0e4
2026-02-14 05:54:28.265,sec-admin01,svc-export,1,slack.exe,"slack.exe",explorer.exe,,,SHA256=0002dd68353e99a90002dd68353e99a90002dd68353e99a90002dd68353e99a9
2026-02-14 06:01:31.411,jumphost-01,svc-backup,1,powershell.exe,"powershell.exe",explorer.exe,,,SHA256=0007367039000333000736703900033300073670390003330007367039000333
2026-02-14 06:04:54.366,filesrv02,svc-build,1,chrome.exe,"chrome.exe",systemd,,,SHA256=00236ff793e9306e00236ff793e9306e00236ff793e9306e00236ff793e9306e
2026-02-14 06:12:39.014,finance-lt23,npatel,1,sshd,"sshd",systemd,,,SHA256=0021b10584b15fea0021b10584b15fea0021b10584b15fea0021b10584b15fea
2026-02-14 06:23:07.014,filesrv02,mreyes,1,node,"node",explorer.exe,,,SHA256=000548475f030dc6000548475f030dc6000548475f030dc6000548475f030dc6
2026-02-14 06:27:52.571,sec-admin01,svc-backup,1,powershell.exe,"powershell.exe",cmd.exe,,,SHA256=0005780ea523bfbe0005780ea523bfbe0005780ea523bfbe0005780ea523bfbe
2026-02-14 06:31:03.850,sec-admin01,svc-backup,1,node,"node",explorer.exe,,,SHA256=0015164148f4fd050015164148f4fd050015164148f4fd050015164148f4fd05
2026-02-14 06:35:41.250,db-analytics-01,mreyes,1,git,"git",launchd,,,SHA256=001070286a07e000001070286a07e000001070286a07e000001070286a07e000
2026-02-14 06:41:15.906,sec-admin01,svc-backup,1,python3,"python3",explorer.exe,,,SHA256=001ca009b23aea01001ca009b23aea01001ca009b23aea01001ca009b23aea01
2026-02-14 06:49:51.952,db-analytics-01,svc-backup,1,chrome.exe,"chrome.exe",explorer.exe,,,SHA256=0005b239a9c659820005b239a9c659820005b239a9c659820005b239a9c65982
2026-02-14 06:57:42.135,db-analytics-01,svc-backup,1,node,"node",systemd,,,SHA256=0007c26f476bc9a30007c26f476bc9a30007c26f476bc9a30007c26f476bc9a3
2026-02-14 07:04:42.740,jumphost-01,svc-backup,1,node,"node",launchd,,,SHA256=001a3e17e04e65c9001a3e17e04e65c9001a3e17e04e65c9001a3e17e04e65c9
2026-02-14 07:10:18.852,db-analytics-01,dcho,1,outlook.exe,"outlook.exe",cmd.exe,,,SHA256=000d7dbbe9320eb5000d7dbbe9320eb5000d7dbbe9320eb5000d7dbbe9320eb5
2026-02-14 07:13:06.721,jumphost-01,secops,1,git,"git",launchd,,,SHA256=001f0aabd0387e74001f0aabd0387e74001f0aabd0387e74001f0aabd0387e74
2026-02-14 07:15:42.177,hr-ws11,secops,1,slack.exe,"slack.exe",systemd,,,SHA256=000ddface1c856e9000ddface1c856e9000ddface1c856e9000ddface1c856e9
2026-02-14 07:20:52.260,db-analytics-01,mreyes,1,slack.exe,"slack.exe",explorer.exe,,,SHA256=00041f6e29c122ea00041f6e29c122ea00041f6e29c122ea00041f6e29c122ea
2026-02-14 07:24:54.687,filesrv02,svc-export,1,node,"node",systemd,,,SHA256=0013654993cd3c270013654993cd3c270013654993cd3c270013654993cd3c27
2026-02-14 07:33:13.563,filesrv02,svc-backup,1,powershell.exe,"powershell.exe",systemd,,,SHA256=001dd1ab8fad5049001dd1ab8fad5049001dd1ab8fad5049001dd1ab8fad5049
2026-02-14 07:36:50.621,filesrv02,npatel,1,git,"git",explorer.exe,,,SHA256=000c8e883115761a000c8e883115761a000c8e883115761a000c8e883115761a
2026-02-14 07:45:23.767,hr-ws11,mreyes,1,chrome.exe,"chrome.exe",explorer.exe,,,SHA256=0008b6933d5d778d0008b6933d5d778d0008b6933d5d778d0008b6933d5d778d
2026-02-14 07:50:07.086,finance-lt23,npatel,1,powershell.exe,"powershell.exe",explorer.exe,,,SHA256=000c5f34ae6ab7fb000c5f34ae6ab7fb000c5f34ae6ab7fb000c5f34ae6ab7fb
2026-02-14 07:57:30.822,db-analytics-01,svc-export,1,chrome.exe,"chrome.exe",explorer.exe,,,SHA256=0010b6e7e467fdfe0010b6e7e467fdfe0010b6e7e467fdfe0010b6e7e467fdfe
2026-02-14 08:08:51.861,hr-ws11,svc-backup,1,sshd,"sshd",cmd.exe,,,SHA256=000d74315944f69f000d74315944f69f000d74315944f69f000d74315944f69f
2026-02-14 08:13:14.552,filesrv02,svc-export,1,outlook.exe,"outlook.exe",launchd,,,SHA256=00034f58940393de00034f58940393de00034f58940393de00034f58940393de
2026-02-14 08:20:11.509,db-analytics-01,svc-backup,1,outlook.exe,"outlook.exe",cmd.exe,,,SHA256=000a1034bd4902be000a1034bd4902be000a1034bd4902be000a1034bd4902be
2026-02-14 08:23:51.425,jumphost-01,secops,1,powershell.exe,"powershell.exe",launchd,,,SHA256=0014d08ea73fed520014d08ea73fed520014d08ea73fed520014d08ea73fed52
2026-02-14 08:28:46.624,jumphost-01,secops,1,python3,"python3",cmd.exe,,,SHA256=0004a65f357ea3840004a65f357ea3840004a65f357ea3840004a65f357ea384
2026-02-14 08:35:31.683,db-analytics-01,svc-export,1,node,"node",explorer.exe,,,SHA256=00122bf5b1fea98f00122bf5b1fea98f00122bf5b1fea98f00122bf5b1fea98f
2026-02-14 08:40:14.186,filesrv02,npatel,1,sshd,"sshd",systemd,,,SHA256=000fdf9670639d5c000fdf9670639d5c000fdf9670639d5c000fdf9670639d5c
2026-02-14 08:51:01.592,jumphost-01,dcho,1,chrome.exe,"chrome.exe",launchd,,,SHA256=00121758d440744800121758d440744800121758d440744800121758d4407448
2026-02-14 08:55:40.096,finance-lt23,secops,1,node,"node",systemd,,,SHA256=0003647a7aae50fa0003647a7aae50fa0003647a7aae50fa0003647a7aae50fa
2026-02-14 09:03:01.729,jumphost-01,svc-backup,1,outlook.exe,"outlook.exe",systemd,,,SHA256=000d0f6721a0ad56000d0f6721a0ad56000d0f6721a0ad56000d0f6721a0ad56
2026-02-14 09:11:58.123,db-analytics-01,dcho,1,slack.exe,"slack.exe",cmd.exe,,,SHA256=001a63ef4dcddea9001a63ef4dcddea9001a63ef4dcddea9001a63ef4dcddea9
2026-02-14 09:17:40.319,sec-admin01,npatel,1,outlook.exe,"outlook.exe",systemd,,,SHA256=0019fa48ef2922a80019fa48ef2922a80019fa48ef2922a80019fa48ef2922a8
2026-02-14 09:22:14.571,sec-admin01,dcho,1,sshd,"sshd",launchd,,,SHA256=00027460b1caf9d500027460b1caf9d500027460b1caf9d500027460b1caf9d5
2026-02-14 09:29:58.763,jumphost-01,npatel,1,chrome.exe,"chrome.exe",systemd,,,SHA256=00087456db01a86b00087456db01a86b00087456db01a86b00087456db01a86b
2026-02-14 09:32:51.150,hr-ws11,dcho,1,chrome.exe,"chrome.exe",launchd,,,SHA256=0005814e1348d8db0005814e1348d8db0005814e1348d8db0005814e1348d8db
2026-02-14 09:41:14.650,jumphost-01,svc-export,1,python3,"python3",explorer.exe,,,SHA256=0004c4a328449b7c0004c4a328449b7c0004c4a328449b7c0004c4a328449b7c
2026-02-14 09:50:21.631,hr-ws11,svc-export,1,chrome.exe,"chrome.exe",systemd,,,SHA256=00194c6da85ced0f00194c6da85ced0f00194c6da85ced0f00194c6da85ced0f
2026-02-14 09:57:25.638,hr-ws11,dcho,1,powershell.exe,"powershell.exe",launchd,,,SHA256=0017963e6c159a0d0017963e6c159a0d0017963e6c159a0d0017963e6c159a0d
2026-02-14 10:07:50.986,filesrv02,svc-backup,1,node,"node",cmd.exe,,,SHA256=0002dba3fdd94f0c0002dba3fdd94f0c0002dba3fdd94f0c0002dba3fdd94f0c
2026-02-14 10:17:05.724,hr-ws11,mreyes,1,git,"git",cmd.exe,,,SHA256=001bb06eee62fe95001bb06eee62fe95001bb06eee62fe95001bb06eee62fe95
2026-02-14 10:19:48.864,sec-admin01,mreyes,1,node,"node",launchd,,,SHA256=0005d337d93b0b410005d337d93b0b410005d337d93b0b410005d337d93b0b41
2026-02-14 10:28:23.564,filesrv02,svc-export,1,python3,"python3",systemd,,,SHA256=002276717f9ee8fc002276717f9ee8fc002276717f9ee8fc002276717f9ee8fc
2026-02-14 10:36:02.351,hr-ws11,svc-build,1,sshd,"sshd",launchd,,,SHA256=0019d0fc2a12babb0019d0fc2a12babb0019d0fc2a12babb0019d0fc2a12babb
2026-02-14 10:41:00.608,db-analytics-01,svc-build,1,git,"git",launchd,,,SHA256=00091a9132e3e20600091a9132e3e20600091a9132e3e20600091a9132e3e206
2026-02-14 10:46:36.108,filesrv02,svc-backup,1,git,"git",cmd.exe,,,SHA256=00199d3459ce142e00199d3459ce142e00199d3459ce142e00199d3459ce142e
2026-02-14 10:55:04.948,db-analytics-01,svc-export,1,python3,"python3",explorer.exe,,,SHA256=0016eaf5a27f64ff0016eaf5a27f64ff0016eaf5a27f64ff0016eaf5a27f64ff
2026-02-14 11:05:21.096,jumphost-01,svc-build,1,powershell.exe,"powershell.exe",explorer.exe,,,SHA256=001440f96aa16149001440f96aa16149001440f96aa16149001440f96aa16149
2026-02-14 11:13:24.908,finance-lt23,npatel,1,python3,"python3",explorer.exe,,,SHA256=001521f608acdba7001521f608acdba7001521f608acdba7001521f608acdba7
2026-02-14 11:21:56.223,hr-ws11,svc-backup,1,slack.exe,"slack.exe",cmd.exe,,,SHA256=00147a956201043a00147a956201043a00147a956201043a00147a956201043a
2026-02-14 11:25:24.520,finance-lt23,mreyes,1,chrome.exe,"chrome.exe",explorer.exe,,,SHA256=000a224ff824d85d000a224ff824d85d000a224ff824d85d000a224ff824d85d
2026-02-14 11:29:40.373,sec-admin01,svc-backup,1,git,"git",explorer.exe,,,SHA256=001f2f7f7495797e001f2f7f7495797e001f2f7f7495797e001f2f7f7495797e
2026-02-14 11:32:31.162,finance-lt23,secops,1,powershell.exe,"powershell.exe",cmd.exe,,,SHA256=001a4c89362b9a91001a4c89362b9a91001a4c89362b9a91001a4c89362b9a91
2026-02-14 11:35:15.406,sec-admin01,secops,1,slack.exe,"slack.exe",launchd,,,SHA256=001625cc877c81ec001625cc877c81ec001625cc877c81ec001625cc877c81ec
2026-02-14 11:43:03.750,sec-admin01,svc-backup,1,python3,"python3",explorer.exe,,,SHA256=00038e63fe8f296600038e63fe8f296600038e63fe8f296600038e63fe8f2966
2026-02-14 11:50:33.835,finance-lt23,npatel,1,slack.exe,"slack.exe",launchd,,,SHA256=000a5a52d5206103000a5a52d5206103000a5a52d5206103000a5a52d5206103
2026-02-14 12:00:38.019,db-analytics-01,svc-backup,1,sshd,"sshd",cmd.exe,,,SHA256=0014f481f37f90a60014f481f37f90a60014f481f37f90a60014f481f37f90a6
2026-02-14 12:06:28.024,filesrv02,mreyes,1,chrome.exe,"chrome.exe",systemd,,,SHA256=000b5e1152935b72000b5e1152935b72000b5e1152935b72000b5e1152935b72
2026-02-14 12:14:23.531,filesrv02,svc-backup,1,chrome.exe,"chrome.exe",explorer.exe,,,SHA256=0022d91f90b50bea0022d91f90b50bea0022d91f90b50bea0022d91f90b50bea
2026-02-14 12:24:50.861,finance-lt23,secops,1,powershell.exe,"powershell.exe",explorer.exe,,,SHA256=0010d392db98e1e80010d392db98e1e80010d392db98e1e80010d392db98e1e8
2026-02-14 12:32:55.190,db-analytics-01,mreyes,1,powershell.exe,"powershell.exe",launchd,,,SHA256=00150edad8bb2c0800150edad8bb2c0800150edad8bb2c0800150edad8bb2c08
2026-02-14 12:35:40.989,jumphost-01,svc-build,1,sshd,"sshd",launchd,,,SHA256=0015eaf80872141c0015eaf80872141c0015eaf80872141c0015eaf80872141c
2026-02-14 12:43:20.155,finance-lt23,svc-build,1,outlook.exe,"outlook.exe",cmd.exe,,,SHA256=0004ab60a93f42bd0004ab60a93f42bd0004ab60a93f42bd0004ab60a93f42bd
2026-02-14 12:46:18.820,db-analytics-01,mreyes,1,chrome.exe,"chrome.exe",launchd,,,SHA256=001d0837dd30881e001d0837dd30881e001d0837dd30881e001d0837dd30881e
2026-02-14 12:53:49.187,sec-admin01,svc-build,1,node,"node",launchd,,,SHA256=002066bfbb40a09e002066bfbb40a09e002066bfbb40a09e002066bfbb40a09e
2026-02-14 13:02:42.653,jumphost-01,secops,1,powershell.exe,"powershell.exe",systemd,,,SHA256=0021aec8fdc481de0021aec8fdc481de0021aec8fdc481de0021aec8fdc481de
2026-02-14 13:13:39.563,finance-lt23,mreyes,1,slack.exe,"slack.exe",cmd.exe,,,SHA256=00094a1330ed713b00094a1330ed713b00094a1330ed713b00094a1330ed713b
2026-02-14 13:19:47.363,hr-ws11,npatel,1,chrome.exe,"chrome.exe",explorer.exe,,,SHA256=0007afa1adec06fb0007afa1adec06fb0007afa1adec06fb0007afa1adec06fb
2026-02-14 13:29:24.843,hr-ws11,npatel,1,git,"git",explorer.exe,,,SHA256=00054df17a3a419400054df17a3a419400054df17a3a419400054df17a3a4194
2026-02-14 13:32:31.247,filesrv02,svc-export,1,powershell.exe,"powershell.exe",systemd,,,SHA256=000a0d10cf5b7ad0000a0d10cf5b7ad0000a0d10cf5b7ad0000a0d10cf5b7ad0
2026-02-14 13:37:44.881,hr-ws11,svc-export,1,chrome.exe,"chrome.exe",cmd.exe,,,SHA256=000c2b38e0847cc0000c2b38e0847cc0000c2b38e0847cc0000c2b38e0847cc0
2026-02-14 13:47:49.742,db-analytics-01,svc-backup,1,chrome.exe,"chrome.exe",explorer.exe,,,SHA256=0020017a2019aebc0020017a2019aebc0020017a2019aebc0020017a2019aebc
2026-02-14 13:57:57.609,filesrv02,svc-build,1,sshd,"sshd",launchd,,,SHA256=001672c0c8756ada001672c0c8756ada001672c0c8756ada001672c0c8756ada
2026-02-14 14:07:57.840,hr-ws11,secops,1,sshd,"sshd",cmd.exe,,,SHA256=00089784a15092af00089784a15092af00089784a15092af00089784a15092af
2026-02-14 14:16:12.236,filesrv02,svc-export,1,node,"node",systemd,,,SHA256=0020e81b9e277e2e0020e81b9e277e2e0020e81b9e277e2e0020e81b9e277e2e
2026-02-14 14:23:16.171,finance-lt23,svc-backup,1,sshd,"sshd",cmd.exe,,,SHA256=000bd0a96db7f1fc000bd0a96db7f1fc000bd0a96db7f1fc000bd0a96db7f1fc
2026-02-14 14:26:51.639,sec-admin01,secops,1,powershell.exe,"powershell.exe",systemd,,,SHA256=000950af388bfaa3000950af388bfaa3000950af388bfaa3000950af388bfaa3
2026-02-14 14:33:58.838,jumphost-01,mreyes,1,python3,"python3",explorer.exe,,,SHA256=0009bbc2071de85c0009bbc2071de85c0009bbc2071de85c0009bbc2071de85c
2026-02-14 14:41:29.851,db-analytics-01,dcho,1,chrome.exe,"chrome.exe",launchd,,,SHA256=0000e5efdc0343690000e5efdc0343690000e5efdc0343690000e5efdc034369
2026-02-14 14:52:54.209,sec-admin01,svc-export,1,chrome.exe,"chrome.exe",cmd.exe,,,SHA256=0005d4d334a8fb3f0005d4d334a8fb3f0005d4d334a8fb3f0005d4d334a8fb3f
2026-02-14 14:59:18.650,finance-lt23,mreyes,1,python3,"python3",systemd,,,SHA256=00210c1fa3fa5ae600210c1fa3fa5ae600210c1fa3fa5ae600210c1fa3fa5ae6
2026-02-14 15:07:33.009,finance-lt23,mreyes,1,chrome.exe,"chrome.exe",launchd,,,SHA256=001fe11190ba035a001fe11190ba035a001fe11190ba035a001fe11190ba035a
2026-02-14 15:15:55.423,finance-lt23,secops,1,chrome.exe,"chrome.exe",explorer.exe,,,SHA256=0013c6ca232160dd0013c6ca232160dd0013c6ca232160dd0013c6ca232160dd
2026-02-14 15:19:31.172,hr-ws11,svc-backup,1,powershell.exe,"powershell.exe",explorer.exe,,,SHA256=0009440e0d93526c0009440e0d93526c0009440e0d93526c0009440e0d93526c
2026-02-14 15:27:52.561,jumphost-01,svc-build,1,powershell.exe,"powershell.exe",cmd.exe,,,SHA256=001153d585411ade001153d585411ade001153d585411ade001153d585411ade
2026-02-14 15:35:38.037,db-analytics-01,svc-export,1,python3,"python3",systemd,,,SHA256=00000df77068c15200000df77068c15200000df77068c15200000df77068c152
2026-02-14 15:46:06.784,finance-lt23,svc-build,1,git,"git",cmd.exe,,,SHA256=000c59712185d2f4000c59712185d2f4000c59712185d2f4000c59712185d2f4
2026-02-14 15:51:33.592,db-analytics-01,mreyes,1,python3,"python3",launchd,,,SHA256=001bdc9dc7c6924d001bdc9dc7c6924d001bdc9dc7c6924d001bdc9dc7c6924d
2026-02-14 15:57:14.929,sec-admin01,svc-backup,1,git,"git",explorer.exe,,,SHA256=000a26913d32188c000a26913d32188c000a26913d32188c000a26913d32188c
2026-02-14 16:08:21.618,finance-lt23,svc-backup,1,outlook.exe,"outlook.exe",cmd.exe,,,SHA256=0007929e14d353900007929e14d353900007929e14d353900007929e14d35390
2026-02-14 16:11:20.840,hr-ws11,svc-backup,1,outlook.exe,"outlook.exe",systemd,,,SHA256=00190223f2bb2fa200190223f2bb2fa200190223f2bb2fa200190223f2bb2fa2
2026-02-14 16:18:38.684,db-analytics-01,svc-build,1,powershell.exe,"powershell.exe",systemd,,,SHA256=000c0b530d182e0f000c0b530d182e0f000c0b530d182e0f000c0b530d182e0f
2026-02-14 16:26:26.143,filesrv02,svc-build,1,git,"git",systemd,,,SHA256=0009ba450a4d3a310009ba450a4d3a310009ba450a4d3a310009ba450a4d3a31
2026-02-14 16:33:42.074,filesrv02,svc-build,1,python3,"python3",launchd,,,SHA256=000b7c88ee0c4c86000b7c88ee0c4c86000b7c88ee0c4c86000b7c88ee0c4c86
2026-02-14 16:38:55.792,filesrv02,dcho,1,git,"git",explorer.exe,,,SHA256=001337143aec67db001337143aec67db001337143aec67db001337143aec67db
2026-02-14 16:47:12.868,sec-admin01,dcho,1,slack.exe,"slack.exe",explorer.exe,,,SHA256=00067408cb4246c600067408cb4246c600067408cb4246c600067408cb4246c6
2026-02-14 16:55:37.421,hr-ws11,mreyes,1,python3,"python3",launchd,,,SHA256=001788e0fd7fb7d7001788e0fd7fb7d7001788e0fd7fb7d7001788e0fd7fb7d7
2026-02-14 17:04:53.508,hr-ws11,mreyes,1,sshd,"sshd",cmd.exe,,,SHA256=001ba3f8761dbd46001ba3f8761dbd46001ba3f8761dbd46001ba3f8761dbd46
2026-02-14 17:13:51.642,jumphost-01,secops,1,python3,"python3",systemd,,,SHA256=0002b74e8ea419190002b74e8ea419190002b74e8ea419190002b74e8ea41919
2026-02-14 17:21:32.304,jumphost-01,dcho,1,sshd,"sshd",systemd,,,SHA256=00117afd463690e800117afd463690e800117afd463690e800117afd463690e8
2026-02-14 17:32:58.571,hr-ws11,mreyes,1,powershell.exe,"powershell.exe",launchd,,,SHA256=00053d3d8ebbf4c700053d3d8ebbf4c700053d3d8ebbf4c700053d3d8ebbf4c7
2026-02-14 17:42:50.482,db-analytics-01,svc-backup,1,python3,"python3",launchd,,,SHA256=0008333772ca630a0008333772ca630a0008333772ca630a0008333772ca630a
2026-02-14 17:54:03.972,hr-ws11,mreyes,1,slack.exe,"slack.exe",explorer.exe,,,SHA256=00031acf0aa36ed900031acf0aa36ed900031acf0aa36ed900031acf0aa36ed9
2026-02-14 18:04:20.466,sec-admin01,svc-build,1,node,"node",explorer.exe,,,SHA256=00192264107149cf00192264107149cf00192264107149cf00192264107149cf
2026-02-14 18:07:36.546,jumphost-01,npatel,1,sshd,"sshd",cmd.exe,,,SHA256=0018c59d2ef3e9120018c59d2ef3e9120018c59d2ef3e9120018c59d2ef3e912
2026-02-14 18:12:47.239,sec-admin01,svc-backup,1,slack.exe,"slack.exe",cmd.exe,,,SHA256=00059deadc52e4ad00059deadc52e4ad00059deadc52e4ad00059deadc52e4ad
2026-02-14 18:15:26.015,finance-lt23,svc-build,1,sshd,"sshd",systemd,,,SHA256=0019d78bdad4941e0019d78bdad4941e0019d78bdad4941e0019d78bdad4941e
2026-02-14 18:25:17.750,jumphost-01,npatel,1,slack.exe,"slack.exe",explorer.exe,,,SHA256=0020a7599a093d3a0020a7599a093d3a0020a7599a093d3a0020a7599a093d3a
2026-02-14 18:31:59.772,filesrv02,npatel,1,slack.exe,"slack.exe",cmd.exe,,,SHA256=00200eb8fbe41b0a00200eb8fbe41b0a00200eb8fbe41b0a00200eb8fbe41b0a
2026-02-14 18:37:26.439,hr-ws11,svc-export,1,slack.exe,"slack.exe",cmd.exe,,,SHA256=0013124afd6e20320013124afd6e20320013124afd6e20320013124afd6e2032
2026-02-14 18:47:53.998,filesrv02,svc-backup,1,powershell.exe,"powershell.exe",explorer.exe,,,SHA256=002042682019b4ea002042682019b4ea002042682019b4ea002042682019b4ea
2026-02-14 18:52:38.105,jumphost-01,svc-export,1,sshd,"sshd",launchd,,,SHA256=000bc26e9778daca000bc26e9778daca000bc26e9778daca000bc26e9778daca
2026-02-14 19:02:03.262,db-analytics-01,mreyes,1,powershell.exe,"powershell.exe",explorer.exe,,,SHA256=001f8720a00628c8001f8720a00628c8001f8720a00628c8001f8720a00628c8
2026-02-14 19:07:52.440,jumphost-01,dcho,1,powershell.exe,"powershell.exe",systemd,,,SHA256=0014c587e902883a0014c587e902883a0014c587e902883a0014c587e902883a
2026-02-14 19:14:50.769,jumphost-01,secops,1,sshd,"sshd",cmd.exe,,,SHA256=000899f4147a8fca000899f4147a8fca000899f4147a8fca000899f4147a8fca
2026-02-14 19:24:07.703,jumphost-01,secops,1,outlook.exe,"outlook.exe",launchd,,,SHA256=001bc35ebe285b87001bc35ebe285b87001bc35ebe285b87001bc35ebe285b87
2026-02-14 19:34:09.508,finance-lt23,svc-build,1,git,"git",systemd,,,SHA256=001bede18318e1a6001bede18318e1a6001bede18318e1a6001bede18318e1a6
2026-02-14 19:41:24.107,finance-lt23,svc-backup,1,slack.exe,"slack.exe",launchd,,,SHA256=0013ff8f869c91900013ff8f869c91900013ff8f869c91900013ff8f869c9190
2026-02-14 19:49:02.713,filesrv02,npatel,1,sshd,"sshd",launchd,,,SHA256=001386231e6d9749001386231e6d9749001386231e6d9749001386231e6d9749
2026-02-14 19:56:40.639,hr-ws11,secops,1,outlook.exe,"outlook.exe",launchd,,,SHA256=000b9fbe4a69f75b000b9fbe4a69f75b000b9fbe4a69f75b000b9fbe4a69f75b
2026-02-14 20:07:20.159,jumphost-01,svc-backup,1,python3,"python3",launchd,,,SHA256=001ba408c945efc4001ba408c945efc4001ba408c945efc4001ba408c945efc4
2026-02-14 20:13:42.149,finance-lt23,secops,1,python3,"python3",explorer.exe,,,SHA256=0016ca6b769e309f0016ca6b769e309f0016ca6b769e309f0016ca6b769e309f
2026-02-14 20:21:24.936,finance-lt23,dcho,1,powershell.exe,"powershell.exe",systemd,,,SHA256=0020e34934b6a37a0020e34934b6a37a0020e34934b6a37a0020e34934b6a37a
2026-02-14 20:32:46.658,jumphost-01,svc-backup,1,git,"git",systemd,,,SHA256=001f9b58c9002a93001f9b58c9002a93001f9b58c9002a93001f9b58c9002a93
2026-02-14 20:42:53.475,sec-admin01,npatel,1,outlook.exe,"outlook.exe",systemd,,,SHA256=0018731b416311860018731b416311860018731b416311860018731b41631186
2026-02-14 20:51:25.988,db-analytics-01,dcho,1,outlook.exe,"outlook.exe",launchd,,,SHA256=001d61008d2b66f8001d61008d2b66f8001d61008d2b66f8001d61008d2b66f8
2026-02-14 21:00:49.735,filesrv02,secops,1,outlook.exe,"outlook.exe",explorer.exe,,,SHA256=000d39a1af69336f000d39a1af69336f000d39a1af69336f000d39a1af69336f
2026-02-14 21:06:05.912,hr-ws11,svc-build,1,powershell.exe,"powershell.exe",systemd,,,SHA256=002240ca7b510b64002240ca7b510b64002240ca7b510b64002240ca7b510b64
2026-02-14 21:12:42.560,sec-admin01,svc-backup,1,slack.exe,"slack.exe",launchd,,,SHA256=00054f75b20fe31100054f75b20fe31100054f75b20fe31100054f75b20fe311
2026-02-14 21:22:35.161,sec-admin01,mreyes,1,python3,"python3",cmd.exe,,,SHA256=0021d63d7412e0ce0021d63d7412e0ce0021d63d7412e0ce0021d63d7412e0ce
2026-02-14 21:27:13.359,sec-admin01,svc-build,1,slack.exe,"slack.exe",cmd.exe,,,SHA256=002330be77c73ec6002330be77c73ec6002330be77c73ec6002330be77c73ec6
2026-02-14 21:33:25.759,hr-ws11,mreyes,1,slack.exe,"slack.exe",launchd,,,SHA256=000de5e61fa1af61000de5e61fa1af61000de5e61fa1af61000de5e61fa1af61
2026-02-14 21:43:29.389,db-analytics-01,svc-backup,1,node,"node",cmd.exe,,,SHA256=000b9d87f57137d3000b9d87f57137d3000b9d87f57137d3000b9d87f57137d3
2026-02-14 21:54:50.255,db-analytics-01,dcho,1,python3,"python3",systemd,,,SHA256=0019f4b873b2a27c0019f4b873b2a27c0019f4b873b2a27c0019f4b873b2a27c
2026-02-14 21:58:16.035,finance-lt23,secops,1,git,"git",systemd,,,SHA256=001a3274c9b1971a001a3274c9b1971a001a3274c9b1971a001a3274c9b1971a
2026-02-14 22:08:14.583,sec-admin01,dcho,1,git,"git",launchd,,,SHA256=0006c5cdb188a1070006c5cdb188a1070006c5cdb188a1070006c5cdb188a107
2026-02-14 22:18:09.603,sec-admin01,dcho,1,python3,"python3",explorer.exe,,,SHA256=00074949d54303fb00074949d54303fb00074949d54303fb00074949d54303fb
2026-02-14 22:29:08.368,hr-ws11,npatel,1,slack.exe,"slack.exe",explorer.exe,,,SHA256=001eddaed299c5fd001eddaed299c5fd001eddaed299c5fd001eddaed299c5fd
2026-02-14 22:37:50.289,hr-ws11,npatel,1,powershell.exe,"powershell.exe",cmd.exe,,,SHA256=001a6af47082d98c001a6af47082d98c001a6af47082d98c001a6af47082d98c
2026-02-14 22:44:07.649,filesrv02,dcho,1,powershell.exe,"powershell.exe",launchd,,,SHA256=0010459571da65340010459571da65340010459571da65340010459571da6534
2026-02-14 22:50:43.088,sec-admin01,svc-backup,1,powershell.exe,"powershell.exe",explorer.exe,,,SHA256=000f8a39540dd5fb000f8a39540dd5fb000f8a39540dd5fb000f8a39540dd5fb
2026-02-14 23:00:48.105,db-analytics-01,secops,1,outlook.exe,"outlook.exe",cmd.exe,,,SHA256=0008c4a99d2248700008c4a99d2248700008c4a99d2248700008c4a99d224870
2026-02-14 23:10:32.540,jumphost-01,secops,1,git,"git",launchd,,,SHA256=0006ea77b5f9f0420006ea77b5f9f0420006ea77b5f9f0420006ea77b5f9f042
2026-02-14 23:18:19.987,sec-admin01,svc-backup,1,sshd,"sshd",explorer.exe,,,SHA256=000b7f3af51410a9000b7f3af51410a9000b7f3af51410a9000b7f3af51410a9
2026-02-14 23:25:45.343,db-analytics-01,svc-backup,1,powershell.exe,"powershell.exe",systemd,,,SHA256=001af2a046f1e00c001af2a046f1e00c001af2a046f1e00c001af2a046f1e00c
2026-02-14 23:32:19.104,jumphost-01,npatel,1,python3,"python3",systemd,,,SHA256=00059432a24de79b00059432a24de79b00059432a24de79b00059432a24de79b
2026-02-14 23:35:32.978,jumphost-01,mreyes,1,outlook.exe,"outlook.exe",systemd,,,SHA256=001b81619dca23e6001b81619dca23e6001b81619dca23e6001b81619dca23e6
2026-02-14 23:38:41.311,finance-lt23,svc-build,1,chrome.exe,"chrome.exe",cmd.exe,,,SHA256=002299e2a804ed8e002299e2a804ed8e002299e2a804ed8e002299e2a804ed8e
2026-02-14 23:43:54.619,filesrv02,mreyes,1,slack.exe,"slack.exe",cmd.exe,,,SHA256=00220f999d9191a800220f999d9191a800220f999d9191a800220f999d9191a8
2026-02-14 23:55:11.095,db-analytics-01,npatel,1,node,"node",explorer.exe,,,SHA256=0015936519970f660015936519970f660015936519970f660015936519970f66
2026-02-15 00:00:58.724,finance-lt23,mreyes,1,sshd,"sshd",cmd.exe,,,SHA256=0017cbd9b2bcbd240017cbd9b2bcbd240017cbd9b2bcbd240017cbd9b2bcbd24
2026-02-15 00:06:07.966,filesrv02,svc-build,1,chrome.exe,"chrome.exe",launchd,,,SHA256=001a22f0fd6c30ed001a22f0fd6c30ed001a22f0fd6c30ed001a22f0fd6c30ed
2026-02-15 00:17:29.843,jumphost-01,npatel,1,git,"git",launchd,,,SHA256=000ef71a2956c10f000ef71a2956c10f000ef71a2956c10f000ef71a2956c10f
2026-02-15 00:23:57.487,jumphost-01,svc-export,1,sshd,"sshd",cmd.exe,,,SHA256=00185fb72ec1d75e00185fb72ec1d75e00185fb72ec1d75e00185fb72ec1d75e
2026-02-15 00:28:05.270,finance-lt23,svc-export,1,slack.exe,"slack.exe",explorer.exe,,,SHA256=000505bafffa362e000505bafffa362e000505bafffa362e000505bafffa362e
2026-02-15 00:33:06.909,db-analytics-01,dcho,1,sshd,"sshd",launchd,,,SHA256=0007e50b201cc0330007e50b201cc0330007e50b201cc0330007e50b201cc033
2026-02-15 00:41:34.331,db-analytics-01,svc-build,1,slack.exe,"slack.exe",launchd,,,SHA256=0007dfc6a31664c40007dfc6a31664c40007dfc6a31664c40007dfc6a31664c4
2026-02-15 00:49:48.490,hr-ws11,mreyes,1,python3,"python3",launchd,,,SHA256=00232d17942b103200232d17942b103200232d17942b103200232d17942b1032
2026-02-15 00:54:31.201,db-analytics-01,svc-build,1,slack.exe,"slack.exe",systemd,,,SHA256=001729ca5ae8fc3a001729ca5ae8fc3a001729ca5ae8fc3a001729ca5ae8fc3a
2026-02-15 00:58:06.719,sec-admin01,npatel,1,python3,"python3",systemd,,,SHA256=001346e5bdd606b5001346e5bdd606b5001346e5bdd606b5001346e5bdd606b5
2026-02-15 01:00:40.268,hr-ws11,svc-backup,1,slack.exe,"slack.exe",launchd,,,SHA256=001c11f5e0cbdd0f001c11f5e0cbdd0f001c11f5e0cbdd0f001c11f5e0cbdd0f
2026-02-15 01:08:48.767,jumphost-01,dcho,1,chrome.exe,"chrome.exe",systemd,,,SHA256=000414cb9d8d6137000414cb9d8d6137000414cb9d8d6137000414cb9d8d6137
2026-02-15 01:11:51.199,db-analytics-01,secops,1,git,"git",launchd,,,SHA256=0013f10b4ce4c1010013f10b4ce4c1010013f10b4ce4c1010013f10b4ce4c101
2026-02-15 01:14:30.639,db-analytics-01,secops,1,outlook.exe,"outlook.exe",explorer.exe,,,SHA256=00145b908957db2700145b908957db2700145b908957db2700145b908957db27
2026-02-15 01:18:28.979,sec-admin01,secops,1,slack.exe,"slack.exe",launchd,,,SHA256=0004d49b6a30cd7a0004d49b6a30cd7a0004d49b6a30cd7a0004d49b6a30cd7a
2026-02-15 01:28:14.611,sec-admin01,npatel,1,chrome.exe,"chrome.exe",cmd.exe,,,SHA256=00075b426f8b75e600075b426f8b75e600075b426f8b75e600075b426f8b75e6
2026-02-15 01:35:42.323,hr-ws11,svc-build,1,outlook.exe,"outlook.exe",explorer.exe,,,SHA256=000d8c83499b5c3f000d8c83499b5c3f000d8c83499b5c3f000d8c83499b5c3f
2026-02-15 01:46:06.648,filesrv02,svc-export,1,python3,"python3",explorer.exe,,,SHA256=000a54df81f87523000a54df81f87523000a54df81f87523000a54df81f87523
2026-02-15 01:54:41.979,filesrv02,mreyes,1,outlook.exe,"outlook.exe",cmd.exe,,,SHA256=00168dadea39865700168dadea39865700168dadea39865700168dadea398657
2026-02-15 02:02:05.665,jumphost-01,secops,1,git,"git",cmd.exe,,,SHA256=00149afa192a3b5b00149afa192a3b5b00149afa192a3b5b00149afa192a3b5b
2026-02-15 02:11:38.579,sec-admin01,svc-build,1,slack.exe,"slack.exe",systemd,,,SHA256=00152351c63e3d3800152351c63e3d3800152351c63e3d3800152351c63e3d38
2026-02-15 02:18:29.566,sec-admin01,npatel,1,outlook.exe,"outlook.exe",launchd,,,SHA256=00061279a33272aa00061279a33272aa00061279a33272aa00061279a33272aa
2026-02-15 02:25:17.804,hr-ws11,secops,1,git,"git",launchd,,,SHA256=000d6f4f035dfe37000d6f4f035dfe37000d6f4f035dfe37000d6f4f035dfe37
2026-02-15 02:31:06.166,jumphost-01,svc-export,1,chrome.exe,"chrome.exe",explorer.exe,,,SHA256=000de659c2102dd6000de659c2102dd6000de659c2102dd6000de659c2102dd6
2026-02-15 02:40:08.765,finance-lt23,dcho,1,outlook.exe,"outlook.exe",explorer.exe,,,SHA256=00014cb0af906c2f00014cb0af906c2f00014cb0af906c2f00014cb0af906c2f
2026-02-15 02:44:30.193,sec-admin01,secops,1,chrome.exe,"chrome.exe",systemd,,,SHA256=0016e956bb2eed9d0016e956bb2eed9d0016e956bb2eed9d0016e956bb2eed9d
2026-02-15 02:55:29.624,filesrv02,mreyes,1,git,"git",cmd.exe,,,SHA256=000309100f0e5b72000309100f0e5b72000309100f0e5b72000309100f0e5b72
2026-02-15 03:04:30.719,sec-admin01,npatel,1,git,"git",systemd,,,SHA256=000d9b088fffb63c000d9b088fffb63c000d9b088fffb63c000d9b088fffb63c
2026-02-15 03:07:52.600,hr-ws11,npatel,1,sshd,"sshd",explorer.exe,,,SHA256=001daf8bdd571bef001daf8bdd571bef001daf8bdd571bef001daf8bdd571bef
2026-02-15 03:13:06.471,db-analytics-01,secops,1,powershell.exe,"powershell.exe",cmd.exe,,,SHA256=00161cb9f88aa14200161cb9f88aa14200161cb9f88aa14200161cb9f88aa142
2026-02-15 03:15:38.637,finance-lt23,svc-build,1,python3,"python3",launchd,,,SHA256=00148fa6de7a0da400148fa6de7a0da400148fa6de7a0da400148fa6de7a0da4
2026-02-15 03:20:49.608,jumphost-01,svc-export,1,powershell.exe,"powershell.exe",cmd.exe,,,SHA256=001851e9f4499795001851e9f4499795001851e9f4499795001851e9f4499795
2026-02-15 03:25:30.131,jumphost-01,mreyes,1,git,"git",cmd.exe,,,SHA256=0020c3b137d9cb440020c3b137d9cb440020c3b137d9cb440020c3b137d9cb44
2026-02-15 03:34:51.686,jumphost-01,svc-backup,1,slack.exe,"slack.exe",systemd,,,SHA256=0002ab655e1b1fc30002ab655e1b1fc30002ab655e1b1fc30002ab655e1b1fc3
2026-02-15 03:40:18.240,hr-ws11,mreyes,1,python3,"python3",explorer.exe,,,SHA256=001d208ada33772c001d208ada33772c001d208ada33772c001d208ada33772c
2026-02-15 03:50:48.631,db-analytics-01,dcho,1,node,"node",explorer.exe,,,SHA256=0018156dffbd6c8d0018156dffbd6c8d0018156dffbd6c8d0018156dffbd6c8d
2026-02-15 03:54:19.424,hr-ws11,svc-export,1,python3,"python3",systemd,,,SHA256=00036938e90bf68100036938e90bf68100036938e90bf68100036938e90bf681
2026-02-15 04:03:14.695,finance-lt23,svc-build,1,sshd,"sshd",launchd,,,SHA256=001847577e2e17b0001847577e2e17b0001847577e2e17b0001847577e2e17b0
2026-02-15 04:10:43.989,db-analytics-01,svc-build,1,chrome.exe,"chrome.exe",explorer.exe,,,SHA256=00121d443fb426ad00121d443fb426ad00121d443fb426ad00121d443fb426ad
2026-02-15 04:20:58.471,finance-lt23,svc-export,1,python3,"python3",launchd,,,SHA256=0020de35bd1834f40020de35bd1834f40020de35bd1834f40020de35bd1834f4
2026-02-15 04:25:57.536,filesrv02,svc-build,1,slack.exe,"slack.exe",systemd,,,SHA256=001752274e0d58fb001752274e0d58fb001752274e0d58fb001752274e0d58fb
2026-02-15 04:32:07.187,filesrv02,svc-export,1,outlook.exe,"outlook.exe",explorer.exe,,,SHA256=00135c49be3ea97a00135c49be3ea97a00135c49be3ea97a00135c49be3ea97a
2026-02-15 04:40:04.335,jumphost-01,secops,1,outlook.exe,"outlook.exe",cmd.exe,,,SHA256=0008edcc6e7aa08e0008edcc6e7aa08e0008edcc6e7aa08e0008edcc6e7aa08e
2026-02-15 04:43:48.602,hr-ws11,svc-export,1,powershell.exe,"powershell.exe",cmd.exe,,,SHA256=0005a56a83a9f3400005a56a83a9f3400005a56a83a9f3400005a56a83a9f340
2026-02-15 04:46:19.771,jumphost-01,mreyes,1,git,"git",explorer.exe,,,SHA256=00153063c97ebe8a00153063c97ebe8a00153063c97ebe8a00153063c97ebe8a
2026-02-15 04:55:32.979,db-analytics-01,svc-export,1,powershell.exe,"powershell.exe",cmd.exe,,,SHA256=0021a1fafeb2ccf80021a1fafeb2ccf80021a1fafeb2ccf80021a1fafeb2ccf8
2026-02-15 04:58:27.143,jumphost-01,dcho,1,outlook.exe,"outlook.exe",cmd.exe,,,SHA256=0009b0f1b482b87c0009b0f1b482b87c0009b0f1b482b87c0009b0f1b482b87c
2026-02-15 05:08:00.714,db-analytics-01,mreyes,1,powershell.exe,"powershell.exe",explorer.exe,,,SHA256=000be717eeff5a09000be717eeff5a09000be717eeff5a09000be717eeff5a09
2026-02-15 05:14:12.207,db-analytics-01,secops,1,outlook.exe,"outlook.exe",launchd,,,SHA256=000cb9e7a180650c000cb9e7a180650c000cb9e7a180650c000cb9e7a180650c
2026-02-15 05:20:14.332,jumphost-01,secops,1,outlook.exe,"outlook.exe",systemd,,,SHA256=00070c99bcc7c6e400070c99bcc7c6e400070c99bcc7c6e400070c99bcc7c6e4
2026-02-15 05:27:16.990,filesrv02,secops,1,git,"git",systemd,,,SHA256=00196f95e95b7ae500196f95e95b7ae500196f95e95b7ae500196f95e95b7ae5
2026-02-15 05:30:56.684,jumphost-01,svc-build,1,python3,"python3",cmd.exe,,,SHA256=001a908a303c898b001a908a303c898b001a908a303c898b001a908a303c898b
2026-02-15 05:39:32.520,hr-ws11,svc-build,1,chrome.exe,"chrome.exe",launchd,,,SHA256=0005635cdf02ede20005635cdf02ede20005635cdf02ede20005635cdf02ede2
2026-02-15 05:45:50.312,jumphost-01,svc-build,1,outlook.exe,"outlook.exe",cmd.exe,,,SHA256=0012cfed0847ae5d0012cfed0847ae5d0012cfed0847ae5d0012cfed0847ae5d
2026-02-15 05:49:58.250,sec-admin01,svc-backup,1,powershell.exe,"powershell.exe",systemd,,,SHA256=00113df08897a67d00113df08897a67d00113df08897a67d00113df08897a67d
2026-02-15 05:56:36.066,db-analytics-01,svc-export,1,git,"git",systemd,,,SHA256=00075eaf047bdd2500075eaf047bdd2500075eaf047bdd2500075eaf047bdd25
2026-02-15 06:01:54.074,filesrv02,svc-backup,1,git,"git",launchd,,,SHA256=001dab7cdb37df73001dab7cdb37df73001dab7cdb37df73001dab7cdb37df73
2026-02-15 06:09:22.174,jumphost-01,secops,1,python3,"python3",explorer.exe,,,SHA256=0001b2b813ec02640001b2b813ec02640001b2b813ec02640001b2b813ec0264
2026-02-15 06:15:18.952,filesrv02,secops,1,node,"node",explorer.exe,,,SHA256=00177482ea1eb5bb00177482ea1eb5bb00177482ea1eb5bb00177482ea1eb5bb
2026-02-15 06:20:18.121,jumphost-01,secops,1,outlook.exe,"outlook.exe",launchd,,,SHA256=0009fbd841e9c8dd0009fbd841e9c8dd0009fbd841e9c8dd0009fbd841e9c8dd
2026-02-15 06:27:08.302,sec-admin01,svc-build,1,outlook.exe,"outlook.exe",launchd,,,SHA256=000cbf9afd19b6a7000cbf9afd19b6a7000cbf9afd19b6a7000cbf9afd19b6a7
2026-02-15 06:38:00.776,sec-admin01,mreyes,1,chrome.exe,"chrome.exe",explorer.exe,,,SHA256=001b09b3e8cc4f61001b09b3e8cc4f61001b09b3e8cc4f61001b09b3e8cc4f61
2026-02-15 06:41:50.425,finance-lt23,svc-build,1,outlook.exe,"outlook.exe",launchd,,,SHA256=0010ad615b52785a0010ad615b52785a0010ad615b52785a0010ad615b52785a
2026-02-15 06:45:23.371,filesrv02,svc-export,1,chrome.exe,"chrome.exe",systemd,,,SHA256=00151e5a0dd4c6dc00151e5a0dd4c6dc00151e5a0dd4c6dc00151e5a0dd4c6dc
2026-02-15 06:51:40.364,sec-admin01,svc-export,1,slack.exe,"slack.exe",systemd,,,SHA256=001b6190335a886c001b6190335a886c001b6190335a886c001b6190335a886c
2026-02-15 06:58:31.030,sec-admin01,npatel,1,sshd,"sshd",launchd,,,SHA256=00177bd144b8e49e00177bd144b8e49e00177bd144b8e49e00177bd144b8e49e
2026-02-15 07:09:17.724,hr-ws11,mreyes,1,chrome.exe,"chrome.exe",launchd,,,SHA256=001d6e05a5583cdb001d6e05a5583cdb001d6e05a5583cdb001d6e05a5583cdb
2026-02-15 07:20:09.692,filesrv02,npatel,1,node,"node",cmd.exe,,,SHA256=00070946d83f54ec00070946d83f54ec00070946d83f54ec00070946d83f54ec
2026-02-15 07:30:33.090,hr-ws11,secops,1,python3,"python3",launchd,,,SHA256=001be15a40e03333001be15a40e03333001be15a40e03333001be15a40e03333
2026-02-15 07:40:28.383,finance-lt23,svc-build,1,sshd,"sshd",systemd,,,SHA256=001ee71e2be099c9001ee71e2be099c9001ee71e2be099c9001ee71e2be099c9
2026-02-15 07:45:35.835,filesrv02,svc-export,1,outlook.exe,"outlook.exe",launchd,,,SHA256=000f9576743689ff000f9576743689ff000f9576743689ff000f9576743689ff
2026-02-15 07:48:17.931,finance-lt23,npatel,1,git,"git",launchd,,,SHA256=0023537f5df002000023537f5df002000023537f5df002000023537f5df00200
2026-02-15 07:56:34.198,hr-ws11,dcho,1,sshd,"sshd",explorer.exe,,,SHA256=00206600a529207200206600a529207200206600a529207200206600a5292072
2026-02-15 08:05:42.324,sec-admin01,mreyes,1,powershell.exe,"powershell.exe",systemd,,,SHA256=001e2abd6466a474001e2abd6466a474001e2abd6466a474001e2abd6466a474
2026-02-15 08:15:26.664,hr-ws11,mreyes,1,node,"node",systemd,,,SHA256=000ffdea9ad76850000ffdea9ad76850000ffdea9ad76850000ffdea9ad76850
2026-02-15 08:23:02.058,filesrv02,mreyes,1,powershell.exe,"powershell.exe",systemd,,,SHA256=00081ac704328baa00081ac704328baa00081ac704328baa00081ac704328baa
2026-02-15 08:26:41.799,db-analytics-01,dcho,1,sshd,"sshd",explorer.exe,,,SHA256=000573dbf5c49620000573dbf5c49620000573dbf5c49620000573dbf5c49620
2026-02-15 08:31:01.928,jumphost-01,svc-backup,1,node,"node",systemd,,,SHA256=0017d9ee273b7d960017d9ee273b7d960017d9ee273b7d960017d9ee273b7d96
2026-02-15 08:40:51.801,sec-admin01,svc-export,1,python3,"python3",systemd,,,SHA256=00185bcec81e3b9700185bcec81e3b9700185bcec81e3b9700185bcec81e3b97
2026-02-15 08:49:18.849,hr-ws11,svc-backup,1,outlook.exe,"outlook.exe",cmd.exe,,,SHA256=00016560c7660ba400016560c7660ba400016560c7660ba400016560c7660ba4
2026-02-15 08:52:03.179,finance-lt23,svc-build,1,slack.exe,"slack.exe",explorer.exe,,,SHA256=00091f66a4ee983e00091f66a4ee983e00091f66a4ee983e00091f66a4ee983e
2026-02-15 08:54:38.427,jumphost-01,npatel,1,slack.exe,"slack.exe",cmd.exe,,,SHA256=000c92aba8aed709000c92aba8aed709000c92aba8aed709000c92aba8aed709
2026-02-15 09:00:56.074,jumphost-01,svc-build,1,chrome.exe,"chrome.exe",cmd.exe,,,SHA256=000f347d59de2c65000f347d59de2c65000f347d59de2c65000f347d59de2c65
2026-02-15 09:12:12.100,hr-ws11,svc-export,1,outlook.exe,"outlook.exe",launchd,,,SHA256=0002c601e4b6354a0002c601e4b6354a0002c601e4b6354a0002c601e4b6354a
2026-02-15 09:23:41.870,finance-lt23,dcho,1,slack.exe,"slack.exe",launchd,,,SHA256=0012f67dc97e5a4b0012f67dc97e5a4b0012f67dc97e5a4b0012f67dc97e5a4b
2026-02-15 09:34:19.821,finance-lt23,secops,1,sshd,"sshd",cmd.exe,,,SHA256=000913ae37bea10b000913ae37bea10b000913ae37bea10b000913ae37bea10b
2026-02-15 09:40:56.880,jumphost-01,secops,1,slack.exe,"slack.exe",explorer.exe,,,SHA256=001b57d0fe6e218d001b57d0fe6e218d001b57d0fe6e218d001b57d0fe6e218d
2026-02-15 09:51:46.372,filesrv02,mreyes,1,python3,"python3",explorer.exe,,,SHA256=00067dac085aa31c00067dac085aa31c00067dac085aa31c00067dac085aa31c
2026-02-15 09:58:27.990,db-analytics-01,mreyes,1,node,"node",launchd,,,SHA256=0008962b53f840cd0008962b53f840cd0008962b53f840cd0008962b53f840cd
2026-02-15 10:03:52.505,jumphost-01,svc-export,1,node,"node",explorer.exe,,,SHA256=001303e914a11fc0001303e914a11fc0001303e914a11fc0001303e914a11fc0
2026-02-15 10:11:14.295,sec-admin01,npatel,1,slack.exe,"slack.exe",systemd,,,SHA256=0012a4fea6d249a60012a4fea6d249a60012a4fea6d249a60012a4fea6d249a6
2026-02-15 10:17:45.266,filesrv02,svc-export,1,python3,"python3",cmd.exe,,,SHA256=0004411f538f343e0004411f538f343e0004411f538f343e0004411f538f343e
2026-02-15 10:24:06.873,finance-lt23,svc-build,1,node,"node",cmd.exe,,,SHA256=0012b56632bb72ce0012b56632bb72ce0012b56632bb72ce0012b56632bb72ce
2026-02-15 10:32:44.942,filesrv02,mreyes,1,sshd,"sshd",explorer.exe,,,SHA256=0017f2776e4b10ad0017f2776e4b10ad0017f2776e4b10ad0017f2776e4b10ad
2026-02-15 10:36:56.969,jumphost-01,secops,1,node,"node",explorer.exe,,,SHA256=001902eb55ca348b001902eb55ca348b001902eb55ca348b001902eb55ca348b
2026-02-15 10:42:09.235,db-analytics-01,svc-backup,1,slack.exe,"slack.exe",explorer.exe,,,SHA256=000dbdadf94979fa000dbdadf94979fa000dbdadf94979fa000dbdadf94979fa
2026-02-15 10:48:00.984,finance-lt23,mreyes,1,node,"node",explorer.exe,,,SHA256=0021020c3685fb5a0021020c3685fb5a0021020c3685fb5a0021020c3685fb5a
2026-02-15 10:52:28.361,jumphost-01,dcho,1,git,"git",cmd.exe,,,SHA256=000215eaf6b2e03c000215eaf6b2e03c000215eaf6b2e03c000215eaf6b2e03c
2026-02-15 10:54:58.803,finance-lt23,dcho,1,python3,"python3",explorer.exe,,,SHA256=001395e45ff27cdc001395e45ff27cdc001395e45ff27cdc001395e45ff27cdc
2026-02-15 11:06:07.918,sec-admin01,svc-export,1,powershell.exe,"powershell.exe",launchd,,,SHA256=0002c1a7b2a7353b0002c1a7b2a7353b0002c1a7b2a7353b0002c1a7b2a7353b
2026-02-15 11:10:40.099,filesrv02,svc-backup,1,git,"git",cmd.exe,,,SHA256=0010158e14d97b030010158e14d97b030010158e14d97b030010158e14d97b03
2026-02-15 11:16:49.481,sec-admin01,npatel,1,sshd,"sshd",systemd,,,SHA256=001651ee7d91ef3e001651ee7d91ef3e001651ee7d91ef3e001651ee7d91ef3e
2026-02-15 11:27:21.397,db-analytics-01,dcho,1,outlook.exe,"outlook.exe",systemd,,,SHA256=00051aeea949017c00051aeea949017c00051aeea949017c00051aeea949017c
2026-02-15 11:30:22.009,sec-admin01,dcho,1,python3,"python3",systemd,,,SHA256=001cc6e2f8dee413001cc6e2f8dee413001cc6e2f8dee413001cc6e2f8dee413
2026-02-15 11:36:14.783,jumphost-01,svc-export,1,chrome.exe,"chrome.exe",launchd,,,SHA256=0006ec7638fd695e0006ec7638fd695e0006ec7638fd695e0006ec7638fd695e
2026-02-15 11:47:10.277,db-analytics-01,dcho,1,python3,"python3",launchd,,,SHA256=0014b6d1c458e8620014b6d1c458e8620014b6d1c458e8620014b6d1c458e862
2026-02-15 11:53:17.297,jumphost-01,svc-build,1,node,"node",explorer.exe,,,SHA256=0013aa26f24aaf140013aa26f24aaf140013aa26f24aaf140013aa26f24aaf14
2026-02-15 11:59:09.666,finance-lt23,dcho,1,powershell.exe,"powershell.exe",systemd,,,SHA256=0019703d08a25f340019703d08a25f340019703d08a25f340019703d08a25f34
2026-02-15 12:08:28.145,filesrv02,svc-export,1,chrome.exe,"chrome.exe",systemd,,,SHA256=001330295557e686001330295557e686001330295557e686001330295557e686
2026-02-15 12:13:09.774,jumphost-01,svc-build,1,slack.exe,"slack.exe",explorer.exe,,,SHA256=00058ce1b62c25bf00058ce1b62c25bf00058ce1b62c25bf00058ce1b62c25bf
2026-02-15 12:16:09.011,hr-ws11,svc-build,1,git,"git",launchd,,,SHA256=00145940c4e9d98d00145940c4e9d98d00145940c4e9d98d00145940c4e9d98d
2026-02-15 12:22:32.437,jumphost-01,secops,1,python3,"python3",cmd.exe,,,SHA256=001192e649898777001192e649898777001192e649898777001192e649898777
2026-02-15 12:34:00.868,db-analytics-01,svc-export,1,sshd,"sshd",launchd,,,SHA256=00208a7433251c9800208a7433251c9800208a7433251c9800208a7433251c98
2026-02-15 12:42:02.864,hr-ws11,svc-export,1,slack.exe,"slack.exe",explorer.exe,,,SHA256=000fe78eb8952652000fe78eb8952652000fe78eb8952652000fe78eb8952652
2026-02-15 12:51:38.804,finance-lt23,svc-export,1,python3,"python3",explorer.exe,,,SHA256=0000039c5ee725970000039c5ee725970000039c5ee725970000039c5ee72597
2026-02-15 12:59:35.725,sec-admin01,svc-build,1,sshd,"sshd",systemd,,,SHA256=0012b997eeb0035a0012b997eeb0035a0012b997eeb0035a0012b997eeb0035a
2026-02-15 13:07:44.523,hr-ws11,mreyes,1,sshd,"sshd",explorer.exe,,,SHA256=0003f501e10b31320003f501e10b31320003f501e10b31320003f501e10b3132
2026-02-15 13:17:51.162,finance-lt23,dcho,1,git,"git",launchd,,,SHA256=000b631d43ae1376000b631d43ae1376000b631d43ae1376000b631d43ae1376
2026-02-15 13:24:24.282,hr-ws11,npatel,1,powershell.exe,"powershell.exe",explorer.exe,,,SHA256=0011796dabc402270011796dabc402270011796dabc402270011796dabc40227
2026-02-15 13:34:18.785,filesrv02,svc-build,1,sshd,"sshd",explorer.exe,,,SHA256=0001ee1d9dd10c7b0001ee1d9dd10c7b0001ee1d9dd10c7b0001ee1d9dd10c7b
2026-02-15 13:39:58.172,jumphost-01,svc-backup,1,powershell.exe,"powershell.exe",explorer.exe,,,SHA256=000599918fcdc6fd000599918fcdc6fd000599918fcdc6fd000599918fcdc6fd
2026-02-15 13:46:40.896,filesrv02,npatel,1,git,"git",systemd,,,SHA256=000ccb66af905670000ccb66af905670000ccb66af905670000ccb66af905670
2026-02-15 13:52:14.758,db-analytics-01,mreyes,1,node,"node",systemd,,,SHA256=0022811cff0bb1f20022811cff0bb1f20022811cff0bb1f20022811cff0bb1f2
2026-02-15 14:02:09.248,jumphost-01,secops,1,powershell.exe,"powershell.exe",systemd,,,SHA256=000ed717fc634d20000ed717fc634d20000ed717fc634d20000ed717fc634d20
2026-02-15 14:08:03.239,filesrv02,mreyes,1,python3,"python3",systemd,,,SHA256=001b689c70540f22001b689c70540f22001b689c70540f22001b689c70540f22
2026-02-15 14:15:22.820,finance-lt23,svc-build,1,slack.exe,"slack.exe",launchd,,,SHA256=001fd15a8a393de5001fd15a8a393de5001fd15a8a393de5001fd15a8a393de5
2026-02-15 14:25:23.389,finance-lt23,svc-export,1,slack.exe,"slack.exe",systemd,,,SHA256=001585313bbfe4f6001585313bbfe4f6001585313bbfe4f6001585313bbfe4f6
2026-02-15 14:36:37.181,finance-lt23,npatel,1,powershell.exe,"powershell.exe",systemd,,,SHA256=000cd69ae5a8cdb2000cd69ae5a8cdb2000cd69ae5a8cdb2000cd69ae5a8cdb2
2026-02-15 14:46:31.677,finance-lt23,svc-backup,1,node,"node",systemd,,,SHA256=000cd5928f116acd000cd5928f116acd000cd5928f116acd000cd5928f116acd
2026-02-15 14:57:49.164,filesrv02,svc-build,1,node,"node",cmd.exe,,,SHA256=0002f8ef146ab3600002f8ef146ab3600002f8ef146ab3600002f8ef146ab360
2026-02-15 15:00:50.106,filesrv02,dcho,1,sshd,"sshd",systemd,,,SHA256=000c303d7b1fe1ef000c303d7b1fe1ef000c303d7b1fe1ef000c303d7b1fe1ef
2026-02-15 15:09:03.675,filesrv02,npatel,1,outlook.exe,"outlook.exe",explorer.exe,,,SHA256=000e1fc0b583f23b000e1fc0b583f23b000e1fc0b583f23b000e1fc0b583f23b
2026-02-15 15:13:02.399,hr-ws11,mreyes,1,node,"node",systemd,,,SHA256=001523d75d8d9cb1001523d75d8d9cb1001523d75d8d9cb1001523d75d8d9cb1
2026-02-15 15:20:02.612,finance-lt23,secops,1,python3,"python3",explorer.exe,,,SHA256=0001f714639000ce0001f714639000ce0001f714639000ce0001f714639000ce
2026-02-15 15:28:10.317,hr-ws11,svc-export,1,chrome.exe,"chrome.exe",launchd,,,SHA256=000061fae3873fe4000061fae3873fe4000061fae3873fe4000061fae3873fe4
2026-02-15 15:31:58.963,sec-admin01,mreyes,1,outlook.exe,"outlook.exe",explorer.exe,,,SHA256=0008540bac0187ee0008540bac0187ee0008540bac0187ee0008540bac0187ee
2026-02-15 15:41:21.007,filesrv02,secops,1,chrome.exe,"chrome.exe",launchd,,,SHA256=0012e33bcd7e8a820012e33bcd7e8a820012e33bcd7e8a820012e33bcd7e8a82
2026-02-15 15:44:32.313,finance-lt23,svc-build,1,python3,"python3",systemd,,,SHA256=00046dc6fdd1a60400046dc6fdd1a60400046dc6fdd1a60400046dc6fdd1a604
2026-02-15 15:51:04.396,sec-admin01,svc-backup,1,outlook.exe,"outlook.exe",explorer.exe,,,SHA256=0022c3070cee2f9a0022c3070cee2f9a0022c3070cee2f9a0022c3070cee2f9a
2026-02-15 15:56:05.075,hr-ws11,svc-backup,1,slack.exe,"slack.exe",cmd.exe,,,SHA256=0009750036e2e29d0009750036e2e29d0009750036e2e29d0009750036e2e29d
2026-02-15 16:02:37.792,finance-lt23,secops,1,python3,"python3",explorer.exe,,,SHA256=000b26e6b8878e7a000b26e6b8878e7a000b26e6b8878e7a000b26e6b8878e7a
2026-02-15 16:13:51.926,db-analytics-01,mreyes,1,slack.exe,"slack.exe",explorer.exe,,,SHA256=00022609faaf3e3500022609faaf3e3500022609faaf3e3500022609faaf3e35
2026-02-15 16:21:42.951,jumphost-01,svc-build,1,powershell.exe,"powershell.exe",launchd,,,SHA256=000d9604d67d551d000d9604d67d551d000d9604d67d551d000d9604d67d551d
2026-02-15 16:27:18.018,hr-ws11,svc-backup,1,python3,"python3",launchd,,,SHA256=0004795712e10a420004795712e10a420004795712e10a420004795712e10a42
2026-02-15 16:31:19.019,hr-ws11,npatel,1,git,"git",explorer.exe,,,SHA256=000f1569781058d6000f1569781058d6000f1569781058d6000f1569781058d6
2026-02-15 16:36:54.688,filesrv02,mreyes,1,slack.exe,"slack.exe",explorer.exe,,,SHA256=000eed78fb52757f000eed78fb52757f000eed78fb52757f000eed78fb52757f
2026-02-15 16:41:22.872,sec-admin01,svc-backup,1,slack.exe,"slack.exe",explorer.exe,,,SHA256=00206cda274d313c00206cda274d313c00206cda274d313c00206cda274d313c
2026-02-15 16:51:04.491,filesrv02,mreyes,1,python3,"python3",cmd.exe,,,SHA256=000aaf75e32ef879000aaf75e32ef879000aaf75e32ef879000aaf75e32ef879
2026-02-15 16:59:46.492,db-analytics-01,svc-build,1,outlook.exe,"outlook.exe",cmd.exe,,,SHA256=0011edca6c3761580011edca6c3761580011edca6c3761580011edca6c376158
2026-02-15 17:06:00.524,sec-admin01,npatel,1,sshd,"sshd",launchd,,,SHA256=00219e646a5c0e5e00219e646a5c0e5e00219e646a5c0e5e00219e646a5c0e5e
2026-02-15 17:13:29.166,hr-ws11,svc-backup,1,powershell.exe,"powershell.exe",launchd,,,SHA256=0005c7f2e32d1b0b0005c7f2e32d1b0b0005c7f2e32d1b0b0005c7f2e32d1b0b
2026-02-15 17:20:08.128,sec-admin01,npatel,1,powershell.exe,"powershell.exe",explorer.exe,,,SHA256=001cc37fa0b4e603001cc37fa0b4e603001cc37fa0b4e603001cc37fa0b4e603
2026-02-15 17:26:00.399,db-analytics-01,svc-backup,1,powershell.exe,"powershell.exe",launchd,,,SHA256=001a165cc122e8c4001a165cc122e8c4001a165cc122e8c4001a165cc122e8c4
2026-02-15 17:30:10.176,sec-admin01,secops,1,slack.exe,"slack.exe",explorer.exe,,,SHA256=0000e74f526df7340000e74f526df7340000e74f526df7340000e74f526df734
2026-02-15 17:41:17.565,sec-admin01,mreyes,1,python3,"python3",explorer.exe,,,SHA256=00133c5cf95ac96200133c5cf95ac96200133c5cf95ac96200133c5cf95ac962
2026-02-15 17:46:00.279,db-analytics-01,svc-build,1,git,"git",systemd,,,SHA256=002184c6a008a842002184c6a008a842002184c6a008a842002184c6a008a842
2026-02-15 17:48:40.444,db-analytics-01,mreyes,1,chrome.exe,"chrome.exe",launchd,,,SHA256=001b92a943eb8a65001b92a943eb8a65001b92a943eb8a65001b92a943eb8a65
2026-02-15 17:57:41.379,jumphost-01,svc-build,1,node,"node",explorer.exe,,,SHA256=0007748afa376fc90007748afa376fc90007748afa376fc90007748afa376fc9
2026-02-15 18:00:32.924,sec-admin01,secops,1,node,"node",launchd,,,SHA256=001a91ce86c36c5b001a91ce86c36c5b001a91ce86c36c5b001a91ce86c36c5b
2026-02-15 18:07:30.313,jumphost-01,npatel,1,powershell.exe,"powershell.exe",systemd,,,SHA256=00026aa02e231ec100026aa02e231ec100026aa02e231ec100026aa02e231ec1
2026-02-15 18:16:40.254,finance-lt23,dcho,1,powershell.exe,"powershell.exe",launchd,,,SHA256=0009fc3206245d880009fc3206245d880009fc3206245d880009fc3206245d88
2026-02-15 18:19:22.052,hr-ws11,secops,1,slack.exe,"slack.exe",systemd,,,SHA256=001c77f1fab03ec7001c77f1fab03ec7001c77f1fab03ec7001c77f1fab03ec7
2026-02-15 18:29:18.391,hr-ws11,secops,1,powershell.exe,"powershell.exe",systemd,,,SHA256=001cb6e403ee56d6001cb6e403ee56d6001cb6e403ee56d6001cb6e403ee56d6
2026-02-15 18:39:30.460,filesrv02,svc-build,1,sshd,"sshd",launchd,,,SHA256=00115f8c3393b0ac00115f8c3393b0ac00115f8c3393b0ac00115f8c3393b0ac
2026-02-15 18:50:30.068,db-analytics-01,dcho,1,sshd,"sshd",explorer.exe,,,SHA256=0021fe10d000a6fe0021fe10d000a6fe0021fe10d000a6fe0021fe10d000a6fe
2026-02-15 18:56:35.529,jumphost-01,secops,1,python3,"python3",launchd,,,SHA256=0011ae8ad9d9f73c0011ae8ad9d9f73c0011ae8ad9d9f73c0011ae8ad9d9f73c
2026-02-15 18:59:10.368,jumphost-01,dcho,1,outlook.exe,"outlook.exe",launchd,,,SHA256=001800a5c37d37f6001800a5c37d37f6001800a5c37d37f6001800a5c37d37f6
2026-02-15 19:08:10.178,jumphost-01,dcho,1,sshd,"sshd",launchd,,,SHA256=000d7f53a125da51000d7f53a125da51000d7f53a125da51000d7f53a125da51
2026-02-15 19:13:42.710,hr-ws11,secops,1,outlook.exe,"outlook.exe",explorer.exe,,,SHA256=00070df8038d1a9b00070df8038d1a9b00070df8038d1a9b00070df8038d1a9b
2026-02-15 19:20:32.823,db-analytics-01,npatel,1,chrome.exe,"chrome.exe",cmd.exe,,,SHA256=00039e99cc7d4e1a00039e99cc7d4e1a00039e99cc7d4e1a00039e99cc7d4e1a
2026-02-15 19:25:14.246,jumphost-01,svc-export,1,python3,"python3",explorer.exe,,,SHA256=000dece83f49e4a2000dece83f49e4a2000dece83f49e4a2000dece83f49e4a2
2026-02-15 19:29:55.059,hr-ws11,secops,1,chrome.exe,"chrome.exe",launchd,,,SHA256=001b6ed82010caa8001b6ed82010caa8001b6ed82010caa8001b6ed82010caa8
2026-02-15 19:32:37.844,finance-lt23,npatel,1,powershell.exe,"powershell.exe",systemd,,,SHA256=000a09506b14acbc000a09506b14acbc000a09506b14acbc000a09506b14acbc
2026-02-15 19:41:46.913,filesrv02,mreyes,1,node,"node",explorer.exe,,,SHA256=000a6b65701e7fb8000a6b65701e7fb8000a6b65701e7fb8000a6b65701e7fb8
2026-02-15 19:48:55.919,hr-ws11,svc-build,1,outlook.exe,"outlook.exe",launchd,,,SHA256=001ce094c460b107001ce094c460b107001ce094c460b107001ce094c460b107
2026-02-15 19:59:25.255,jumphost-01,mreyes,1,slack.exe,"slack.exe",systemd,,,SHA256=001598f5ac1710c6001598f5ac1710c6001598f5ac1710c6001598f5ac1710c6
2026-02-15 20:07:39.503,hr-ws11,svc-build,1,sshd,"sshd",explorer.exe,,,SHA256=000451338acff3bb000451338acff3bb000451338acff3bb000451338acff3bb
2026-02-15 20:15:24.071,jumphost-01,secops,1,sshd,"sshd",systemd,,,SHA256=0010685d1baec5510010685d1baec5510010685d1baec5510010685d1baec551
2026-02-15 20:23:04.092,finance-lt23,svc-backup,1,outlook.exe,"outlook.exe",systemd,,,SHA256=001fc610bed35a13001fc610bed35a13001fc610bed35a13001fc610bed35a13
2026-02-15 20:30:48.447,finance-lt23,svc-export,1,node,"node",launchd,,,SHA256=001e6259426b596a001e6259426b596a001e6259426b596a001e6259426b596a
2026-02-15 20:38:21.909,filesrv02,svc-backup,1,powershell.exe,"powershell.exe",systemd,,,SHA256=0014bc9dfe3e197b0014bc9dfe3e197b0014bc9dfe3e197b0014bc9dfe3e197b
2026-02-15 20:41:07.214,hr-ws11,svc-build,1,sshd,"sshd",launchd,,,SHA256=00157985a67cda8100157985a67cda8100157985a67cda8100157985a67cda81
2026-02-15 20:47:18.357,finance-lt23,npatel,1,outlook.exe,"outlook.exe",launchd,,,SHA256=00134a49932d7efa00134a49932d7efa00134a49932d7efa00134a49932d7efa
2026-02-15 20:53:22.341,filesrv02,npatel,1,chrome.exe,"chrome.exe",launchd,,,SHA256=00185e3339893c7200185e3339893c7200185e3339893c7200185e3339893c72
2026-02-15 20:57:38.569,jumphost-01,svc-backup,1,python3,"python3",cmd.exe,,,SHA256=000d4111d6d05ce1000d4111d6d05ce1000d4111d6d05ce1000d4111d6d05ce1
2026-02-15 21:08:26.294,jumphost-01,dcho,1,powershell.exe,"powershell.exe",cmd.exe,,,SHA256=000a177e06de92cd000a177e06de92cd000a177e06de92cd000a177e06de92cd
2026-02-15 21:18:18.059,sec-admin01,svc-build,1,git,"git",cmd.exe,,,SHA256=0000f9df17c1aab30000f9df17c1aab30000f9df17c1aab30000f9df17c1aab3
2026-02-15 21:28:01.690,jumphost-01,dcho,1,python3,"python3",launchd,,,SHA256=00196bf9ce511a6500196bf9ce511a6500196bf9ce511a6500196bf9ce511a65
2026-02-15 21:33:09.651,hr-ws11,secops,1,chrome.exe,"chrome.exe",launchd,,,SHA256=0010ceb4d77a23560010ceb4d77a23560010ceb4d77a23560010ceb4d77a2356
2026-02-15 21:42:10.709,db-analytics-01,mreyes,1,node,"node",systemd,,,SHA256=001720ca67197f1a001720ca67197f1a001720ca67197f1a001720ca67197f1a
2026-02-15 21:44:46.932,hr-ws11,secops,1,outlook.exe,"outlook.exe",cmd.exe,,,SHA256=0021e128dc93ed7a0021e128dc93ed7a0021e128dc93ed7a0021e128dc93ed7a
2026-02-15 21:51:44.852,jumphost-01,secops,1,outlook.exe,"outlook.exe",systemd,,,SHA256=000ae3ec399a09e9000ae3ec399a09e9000ae3ec399a09e9000ae3ec399a09e9
2026-02-15 21:57:22.644,filesrv02,svc-export,1,outlook.exe,"outlook.exe",cmd.exe,,,SHA256=000569d121549a48000569d121549a48000569d121549a48000569d121549a48
2026-02-15 22:07:38.754,finance-lt23,mreyes,1,powershell.exe,"powershell.exe",systemd,,,SHA256=0012b9dfc2c1a3330012b9dfc2c1a3330012b9dfc2c1a3330012b9dfc2c1a333
2026-02-15 22:12:48.533,filesrv02,dcho,1,python3,"python3",cmd.exe,,,SHA256=001c7782c3da064e001c7782c3da064e001c7782c3da064e001c7782c3da064e
2026-02-15 22:22:14.885,hr-ws11,npatel,1,slack.exe,"slack.exe",cmd.exe,,,SHA256=002125b38b45d54c002125b38b45d54c002125b38b45d54c002125b38b45d54c
2026-02-15 22:25:21.301,sec-admin01,secops,1,slack.exe,"slack.exe",explorer.exe,,,SHA256=0012f0df4d65e8a80012f0df4d65e8a80012f0df4d65e8a80012f0df4d65e8a8
2026-02-15 22:33:39.105,sec-admin01,svc-build,1,node,"node",cmd.exe,,,SHA256=00139d32291c3b4600139d32291c3b4600139d32291c3b4600139d32291c3b46
2026-02-15 22:43:27.443,db-analytics-01,npatel,1,sshd,"sshd",explorer.exe,,,SHA256=0000d9df36641c710000d9df36641c710000d9df36641c710000d9df36641c71
2026-02-15 22:50:10.160,filesrv02,svc-backup,1,git,"git",cmd.exe,,,SHA256=0015a0ecbe8807fd0015a0ecbe8807fd0015a0ecbe8807fd0015a0ecbe8807fd
2026-02-15 23:00:37.857,hr-ws11,svc-backup,1,outlook.exe,"outlook.exe",systemd,,,SHA256=0019a6e5673cf06c0019a6e5673cf06c0019a6e5673cf06c0019a6e5673cf06c
2026-02-15 23:09:39.322,hr-ws11,npatel,1,git,"git",explorer.exe,,,SHA256=000df31118379165000df31118379165000df31118379165000df31118379165
2026-02-15 23:15:11.256,jumphost-01,svc-build,1,chrome.exe,"chrome.exe",systemd,,,SHA256=001942bbc91908ed001942bbc91908ed001942bbc91908ed001942bbc91908ed
2026-02-15 23:21:59.516,sec-admin01,svc-build,1,sshd,"sshd",launchd,,,SHA256=000d697f32350c12000d697f32350c12000d697f32350c12000d697f32350c12
2026-02-15 23:29:23.533,db-analytics-01,dcho,1,chrome.exe,"chrome.exe",explorer.exe,,,SHA256=0011e36ce4efa00c0011e36ce4efa00c0011e36ce4efa00c0011e36ce4efa00c
2026-02-15 23:33:16.394,hr-ws11,secops,1,sshd,"sshd",cmd.exe,,,SHA256=00007dbcbe02e30700007dbcbe02e30700007dbcbe02e30700007dbcbe02e307
2026-02-15 23:37:08.344,finance-lt23,npatel,1,git,"git",explorer.exe,,,SHA256=001cdb42128a300c001cdb42128a300c001cdb42128a300c001cdb42128a300c
2026-02-15 23:46:56.939,jumphost-01,svc-build,1,powershell.exe,"powershell.exe",launchd,,,SHA256=001ebee9ea8357c2001ebee9ea8357c2001ebee9ea8357c2001ebee9ea8357c2
2026-02-15 23:56:12.319,sec-admin01,mreyes,1,chrome.exe,"chrome.exe",explorer.exe,,,SHA256=00152989aeb2d40700152989aeb2d40700152989aeb2d40700152989aeb2d407
